,genre,word_count,sentence_count,sentence_length,fraction_sentence_relative,relative_clause_length,alius,antequam,atque_consonant,conjunction,cum_clause,demonstrative,dum,gerundive,idem,interrogative,ipse,iste,o_interjection,personal,preposition,priusquam,quidam,quin,quominus,reflexive,si,superlative,ut
anonymous.laudes_domini.txt,miscellaneous,913,42,21.73809524,0.357142857,8.772727273,0,0,0.00109529,0.094194962,0.00109529,0.006571742,0,0.007667032,0.009857612,0.006571742,0.00109529,0,0,0.031763417,0.020810515,0,0,0,0,0.004381161,0.003285871,0,0.007667032
catullus.carmina.64.txt,epic,2445,109,22.43119266,0.357798165,8.140350877,0.001226994,0,0,0.053169734,0.001635992,0.013087935,0.000408998,0.003271984,0.000817996,0.006134969,0.004498978,0,0.000817996,0.023721881,0.03190184,0,0,0,0,0.004907975,0.000817996,0.000408998,0.006543967
catullus.carmina.65_116.txt,elegy,4132,202,20.45544554,0.465346535,6.92481203,0.000726041,0,0.001210068,0.07696031,0.000484027,0.030251694,0.001452081,0.001452081,0.003630203,0.007744434,0.005566312,0.001936108,0.001936108,0.050822846,0.034607938,0,0.000484027,0.000726041,0,0.005324298,0.011616651,0.000242014,0.006534366
catullus.carmina1_63.txt,miscellaneous,6361,395,15.95949367,0.283544304,5.72,0.00157208,0,0.001257664,0.089136928,0.002043704,0.022166326,0.001729288,0.00235812,0.003772992,0.012891055,0.002672536,0.002515328,0.011476183,0.044804276,0.030655557,0.000157208,0.000471624,0.000314416,0,0.003772992,0.009589687,0.00157208,0.009275271
claudian.carmina_minora.txt,miscellaneous,10828,642,16.85202492,0.218068536,6.248677249,0.001200591,0,0.000554119,0.086165497,0.001385297,0.012837089,0.001108238,0.004155892,0.002493535,0.008127078,0.002955301,9.24E-05,0.001477651,0.01957887,0.031492427,0,0,0.000461766,0,0.003601773,0.004248245,0.000831178,0.002401182
claudian.de_bello_gildonico.txt,epic,3168,228,13.89035088,0.197368421,4.727272727,0.000631313,0,0,0.095643939,0.00094697,0.014204545,0.001893939,0.002525253,0.001262626,0.015151515,0.003156566,0,0.00094697,0.02114899,0.026515152,0,0,0,0,0.004419192,0.008207071,0.000631313,0.004103535
claudian.de_bello_gothico.txt,epic,4049,176,22.9375,0.25,7.015873016,0.000740924,0,0.000246975,0.096567054,0.000987898,0.011607804,0.00271672,0.00543344,0.002469746,0.005927389,0.004198568,0,0.001728822,0.01407755,0.028896024,0,0,0.000246975,0,0.003457644,0.007162262,0.000246975,0.003704618
claudian.de_consulatu_stilichonis.part.1.txt,epic,2296,117,19.62393162,0.282051282,5.211538462,0.00174216,0,0,0.086236934,0.00130662,0.013937282,0.00043554,0.00261324,0.00174216,0.008275261,0.00130662,0.00043554,0,0.016550523,0.025696864,0,0,0.00043554,0,0.00304878,0.005226481,0.00087108,0.003919861
claudian.de_consulatu_stilichonis.part.2.txt,epic,2904,136,21.35294118,0.389705882,6.554216867,0.001033058,0,0,0.085399449,0.00137741,0.013774105,0.00137741,0.005853994,0.004476584,0.0065427,0.003443526,0.000344353,0.000344353,0.019972452,0.023415978,0,0,0.000688705,0,0.002410468,0.002754821,0.000688705,0.0065427
claudian.de_consulatu_stilichonis.part.3.txt,epic,2386,119,20.05042017,0.352941176,6.737704918,0.002095557,0,0,0.0875943,0.000838223,0.018860017,0.000419111,0.004191115,0.000838223,0.005867561,0.003772003,0.000419111,0.001676446,0.014668902,0.031852473,0,0,0.000419111,0,0.004191115,0.007963118,0,0.001676446
claudian.de_raptu_proserpinae.part.1.txt,epic,1776,80,22.175,0.2875,9.34375,0,0,0,0.087274775,0.000563063,0.006756757,0.000563063,0.00731982,0.000563063,0.00731982,0.001126126,0,0.000563063,0.01295045,0.021959459,0,0,0,0,0.002815315,0.002815315,0.002815315,0
claudian.de_raptu_proserpinae.part.2.txt,epic,2493,125,19.944,0.104,5.363636364,0.002005616,0,0,0.088648215,0.000401123,0.010830325,0.001203369,0.001203369,0.000401123,0.004813478,0.000802246,0,0.002406739,0.017248295,0.024067389,0,0,0.000802246,0,0.003208985,0.003208985,0.000802246,0.000401123
claudian.de_raptu_proserpinae.part.3.txt,epic,2729,194,14.06185567,0.144329897,5.864864865,0.000732869,0,0,0.097471601,0.000366435,0.016123122,0.001465738,0.003664346,0.003297911,0.020520337,0.002931477,0,0.001465738,0.021253206,0.01832173,0,0,0.000732869,0,0.002931477,0.006229388,0.000366435,0.002931477
claudian.epithalamium_de_nuptiis_honorii_augusti.txt,miscellaneous,2204,142,15.43661972,0.218309859,4.731707317,0.001361162,0,0,0.082123412,0.002722323,0.0176951,0.000907441,0.003176044,0.000453721,0.009981851,0.003176044,0,0.000453721,0.0176951,0.023139746,0,0,0,0,0.003629764,0.003176044,0.001361162,0.001814882
claudian.in_consulatum_olybrii_et_probini.txt,miscellaneous,1699,79,21.49367089,0.303797468,7.518518519,0.000588582,0,0,0.078281342,0,0.012948793,0,0.003531489,0,0.002942908,0.002942908,0.000588582,0.002354326,0.014125956,0.040023543,0,0,0,0,0.001765745,0.004120071,0.000588582,0.001765745
claudian.in_eutropium.part.1.txt,epic,3105,192,16.125,0.197916667,5.170212766,0.001288245,0,0,0.095330113,0.001610306,0.015458937,0.002254428,0.003542673,0.002898551,0.019323671,0.001610306,0.000644122,0.000322061,0.014492754,0.029307568,0,0.000644122,0.000322061,0,0.006763285,0.005152979,0.001932367,0.003220612
claudian.in_eutropium.part.2.txt,epic,4098,250,16.368,0.248,5.602272727,0.002196193,0,0,0.085163494,0.00170815,0.014153245,0.002684236,0.005124451,0.001952172,0.010980966,0.002684236,0,0.000488043,0.015373353,0.032210835,0,0,0.000244021,0,0.004880429,0.003660322,0.000976086,0.00170815
claudian.in_rufinum.part.1.txt,epic,2434,125,19.416,0.208,7.371428571,0.000410846,0,0,0.096548891,0.001643385,0.011914544,0,0.004930156,0.001643385,0.005751849,0.002054232,0.000821693,0.000821693,0.016433854,0.027115859,0,0,0,0,0.001232539,0.006573541,0.000410846,0.001232539
claudian.in_rufinum.part.2.txt,epic,3322,208,15.88942308,0.211538462,6.428571429,0.002107164,0,0,0.08910295,0.000301023,0.014449127,0.001806141,0.005117399,0.00090307,0.011739916,0.002107164,0.000602047,0,0.020168573,0.033413606,0,0,0.000301023,0,0.005418423,0.003311258,0.000602047,0.001505117
claudian.panegyricus_de_quarto_consulatu_honorii_augusti.txt,miscellaneous,3974,230,17.26086957,0.2,5.231884058,0.000503271,0,0,0.086059386,0.002516356,0.011071968,0.000754907,0.003271263,0.001509814,0.009058883,0.003271263,0.000251636,0.000251636,0.027931555,0.026673377,0,0,0.000251636,0,0.004781077,0.006290891,0.000754907,0.002013085
claudian.panegyricus_de_sexto_consulatu_honorii_augusti.txt,miscellaneous,4167,190,21.93157895,0.3,7.893333333,0.000479962,0,0.000239981,0.090232781,0.001679866,0.011519078,0.001439885,0.003839693,0.001439885,0.00887929,0.002159827,0.000239981,0.000719942,0.021838253,0.028317735,0,0,0.000239981,0,0.005279578,0.003359731,0.000719942,0.003359731
claudian.panegyricus_de_tertio_consulatu_honorii_augusti.txt,miscellaneous,1384,56,24.67857143,0.25,6.714285714,0,0,0,0.088872832,0,0.00650289,0,0.001445087,0,0.003612717,0.001445087,0,0.002890173,0.026734104,0.036127168,0,0,0,0,0.00216763,0.005057803,0,0.00433526
claudian.panegyricus_dictus_manlio_theodoro_consuli.txt,miscellaneous,2158,109,19.7706422,0.266055046,5.813559322,0.002780352,0,0,0.088507878,0,0.009267841,0.000463392,0.005560704,0.002780352,0.008804449,0.003243744,0,0.000463392,0.021316033,0.021316033,0,0,0.000463392,0,0.006024096,0,0.000926784,0.002780352
dracontius.romulea.part.1.txt,epic,141,5,28,0.6,5.142857143,0,0,0,0.028368794,0,0.014184397,0,0.014184397,0,0,0.007092199,0,0.007092199,0.021276596,0.028368794,0,0,0,0,0,0,0,0.014184397
dracontius.romulea.part.10.txt,epic,3901,187,20.8342246,0.272727273,6.397058824,0,0,0.000512689,0.072032812,0.002050756,0.010253781,0.001794412,0.004357857,0.001281723,0.004357857,0.00281979,0.000256345,0.000512689,0.015637016,0.033581133,0,0,0,0,0.002050756,0.004357857,0.000256345,0.005126891
dracontius.romulea.part.2.txt,epic,1077,55,19.56363636,0.290909091,5.95,0,0,0,0.065923863,0.004642526,0.013927577,0.00185701,0.000928505,0.000928505,0.007428041,0.006499536,0.000928505,0.00371402,0.018570102,0.038997214,0,0,0,0,0.004642526,0.007428041,0,0.010213556
dracontius.romulea.part.3.txt,epic,128,5,25.6,0.2,5,0,0,0,0.15625,0,0,0,0.0078125,0,0,0.0078125,0,0,0.015625,0.0234375,0,0,0,0,0,0.0234375,0,0.0078125
dracontius.romulea.part.4.txt,epic,356,21,16.95238095,0.285714286,4.9,0,0,0,0.075842697,0,0.005617978,0.002808989,0.005617978,0,0.005617978,0.002808989,0,0,0.04494382,0.04494382,0,0,0,0,0,0.005617978,0,0.005617978
dracontius.romulea.part.5.txt,epic,2156,133,16.21052632,0.330827068,6.166666667,0.000463822,0,0.001391466,0.073747681,0.002782931,0.012987013,0.002782931,0.004174397,0.004638219,0.016697588,0.002782931,0.001391466,0.000927644,0.006493506,0.04406308,0,0,0,0,0.001855288,0.012059369,0,0.007884972
dracontius.romulea.part.6.txt,epic,761,27,28.14814815,0.333333333,5.363636364,0,0,0.00131406,0.077529566,0,0.017082786,0.002628121,0.002628121,0,0.00131406,0.00131406,0,0,0.015768725,0.038107753,0,0,0,0,0,0.00131406,0,0.003942181
dracontius.romulea.part.7.txt,epic,1035,29,35.68965517,0.448275862,6.416666667,0,0,0.000966184,0.087922705,0.003864734,0.011594203,0.000966184,0.000966184,0.000966184,0.000966184,0.003864734,0.001932367,0,0.011594203,0.039613527,0,0,0,0,0.001932367,0.005797101,0,0.006763285
dracontius.romulea.part.8.txt,epic,4263,194,21.9742268,0.360824742,5.650943396,0,0,0,0.070607553,0.000938306,0.007741027,0.003518649,0.002111189,0.00070373,0.005160685,0.003987802,0.000234577,0,0.013605442,0.038705137,0,0,0,0,0.001172883,0.006098991,0.000234577,0.003753225
dracontius.romulea.part.9.txt,epic,1532,67,22.86567164,0.402985075,5.114285714,0,0,0,0.097258486,0.000652742,0.013707572,0.002610966,0.001958225,0.000652742,0.009791123,0.001958225,0.000652742,0,0.01305483,0.047650131,0,0,0,0,0.002610966,0.016318538,0,0.003916449
ennius.annales.txt,epic,3487,73,47.64383562,0.383561644,22.96296296,0.000286779,0,0.000860338,0.082305707,0.000286779,0.012905076,0.001147118,0.003728133,0.002867795,0.001147118,0.001147118,0.000286779,0.003441354,0.028677947,0.037281331,0.000573559,0,0,0,0.008316605,0.004588471,0.001147118,0.002581015
ennodius.carmina.txt,miscellaneous,5221,382,13.66753927,0.340314136,4.727810651,0.000191534,0,0,0.039456043,0.001723808,0.015897338,0.004022218,0.005746026,0.00229841,0.003447615,0.001723808,0.000957671,0.000191534,0.015705803,0.034859222,0,0,0,0,0.002106876,0.004596821,0.000191534,0.004405286
horace.ars_poetica.txt,miscellaneous,3091,146,21.17123288,0.335616438,5.544117647,0.00032352,0,0.001617599,0.130378518,0.00097056,0.013587836,0.00129408,0.007117438,0.005176318,0.005823358,0.00129408,0.00064704,0.00097056,0.017793594,0.03008735,0,0.00032352,0.00032352,0,0.003235199,0.013264316,0,0.007440958
horace.carmen_saeculare.txt,miscellaneous,311,12,25.91666667,0.416666667,9,0.003215434,0,0,0.144694534,0,0.003215434,0,0.006430868,0.003215434,0,0,0,0.003215434,0.009646302,0.019292605,0,0,0,0,0,0.012861736,0,0.003215434
horace.epistles.txt,miscellaneous,9914,446,22.22869955,0.383408072,5.275735294,0.000706072,0,0.002319952,0.111761146,0.001613879,0.015432721,0.002118217,0.004841638,0.00554771,0.010389348,0.001613879,0.00121041,0.000201735,0.03136978,0.028142021,0,0.00040347,0.000201735,0,0.003126891,0.016340529,0.000504337,0.008674602
horace.epodes.txt,miscellaneous,3012,144,20.89583333,0.270833333,7.075,0.000996016,0,0.002988048,0.092629482,0.002324037,0.013612218,0.000664011,0.002988048,0.000664011,0.012616202,0.000996016,0.000332005,0.002988048,0.025564409,0.033200531,0,0,0.000664011,0,0,0.00498008,0.000664011,0.011288181
horace.odes.part.1.txt,miscellaneous,3976,196,20.25510204,0.285714286,6.882352941,0.001257545,0,0.002263581,0.100352113,0.001257545,0.006539235,0.002263581,0.0027666,0.002263581,0.010060362,0.001760563,0,0.003521127,0.030935614,0.025653924,0,0,0.000251509,0,0.001006036,0.008802817,0,0.003269618
horace.odes.part.2.txt,miscellaneous,2414,108,22.35185185,0.166666667,8.9,0.00041425,0,0.001657001,0.103148302,0.00041425,0.006628003,0.001242751,0.005385253,0.003314002,0.009113505,0.0008285,0,0.00041425,0.029411765,0.026512013,0,0,0.00041425,0,0.001242751,0.007870754,0.00041425,0.00041425
horace.odes.part.3.txt,miscellaneous,4392,196,22.20408163,0.25,7.230769231,0.001138434,0.000455373,0.000455373,0.101775956,0.000910747,0.009562842,0.00204918,0.00273224,0.00273224,0.005919854,0.000455373,0,0.002959927,0.023907104,0.028233151,0,0,0.000227687,0,0.00136612,0.010473588,0,0.001821494
horace.odes.part.4.txt,miscellaneous,2594,99,25.94949495,0.434343434,7.163934426,0.000385505,0,0.00077101,0.087124133,0.00154202,0.007324595,0.00077101,0.00616808,0.00154202,0.00385505,0.000385505,0,0.003469545,0.022744796,0.035080956,0,0,0,0,0.000385505,0.005011565,0,0.00308404
horace.satires.txt,miscellaneous,14263,884,16.09162896,0.2760181,5.3125,0.00189301,7.01E-05,0.003575685,0.093388488,0.002524013,0.029797378,0.001822898,0.004136577,0.004487135,0.015985417,0.002173456,0.000841338,0.001612564,0.036668303,0.030288158,0,0.000841338,0.000771226,0,0.004206689,0.012900512,0.001051672,0.011989063
italicus.ilias_latina.txt,epic,6608,343,19.26530612,0.262390671,8.038461538,0.001210654,0,0.000756659,0.112590799,0.001513317,0.017403148,0.001967312,0.002118644,0.001361985,0.00348063,0.002421308,0.000302663,0.001059322,0.012711864,0.045702179,0,0,0.000453995,0,0.004842615,0.002875303,0.001513317,0.00348063
juvenal.satires.txt,miscellaneous,25013,1004,24.7998008,0.408366534,6.220136519,0.001879023,0,0.002238836,0.110102747,0.002438732,0.024267381,0.001159397,0.006636549,0.003318274,0.01315316,0.004237796,0.000479751,0.000719626,0.016951185,0.031983369,4.00E-05,0.000679647,8.00E-05,4.00E-05,0.00303842,0.009754927,0.001639148,0.004837485
juvencus.historia_evangelica.part.1.txt,epic,4708,300,15.69,0.32,5.125,0.000637213,0,0,0.087723025,0.000637213,0.022727273,0.000212404,0.006796941,0.002124044,0.004460493,0.00191164,0.001062022,0.000424809,0.022090059,0.038020391,0,0,0.000424809,0,0.002124044,0.004885302,0.000424809,0.003610875
juvencus.historia_evangelica.part.2.txt,epic,5121,343,14.93002915,0.265306122,5.166666667,0.001171646,0,0.000585823,0.072446788,0.000976372,0.031048623,0.000390549,0.00449131,0.002733841,0.00449131,0.001171646,0.001171646,0,0.026752587,0.041788713,0,0,0.000390549,0,0.004686585,0.006639328,0.000195274,0.004881859
juvencus.historia_evangelica.part.3.txt,epic,4727,291,16.24398625,0.264604811,6.258064516,0.002961709,0,0.000211551,0.083774064,0.000846203,0.021789719,0.000423101,0.003807912,0.001692405,0.00317326,0.002327057,0.003384811,0.000423101,0.020943516,0.037232917,0,0.000211551,0,0,0.00634652,0.007192723,0.000846203,0.002750159
juvencus.historia_evangelica.part.4.txt,epic,5006,292,17.14383562,0.260273973,5.927835052,0.000998801,0,0.000599281,0.084298841,0.000799041,0.024970036,0.000399521,0.004994007,0.003795445,0.003196165,0.002397123,0.002796644,0.000399521,0.025769077,0.039352777,0,0.000399521,0.00019976,0,0.005793048,0.003995206,0.002197363,0.003595685
lucan.bellum_civile.part.1.txt,epic,4375,232,18.85775862,0.237068966,4.706666667,0.000457143,0,0.000228571,0.099657143,0.000685714,0.010514286,0.002057143,0.0048,0.001371429,0.008457143,0.0016,0.000685714,0.002742857,0.016685714,0.037257143,0,0,0,0,0.003657143,0.0064,0.000228571,0.0032
lucan.bellum_civile.part.10.txt,epic,3506,192,18.26041667,0.265625,5.236111111,0.001140901,0,0,0.093268682,0.000285225,0.016543069,0.001140901,0.00427838,0.001426127,0.002567028,0.001996577,0.000570451,0.000570451,0.019395322,0.04335425,0,0.000570451,0,0,0.004848831,0.003137479,0.000285225,0.003993155
lucan.bellum_civile.part.2.txt,epic,4643,269,17.26022305,0.204460967,4.859375,0.001938402,0,0,0.091535645,0.00215378,0.017230239,0.003446048,0.003876804,0.001938402,0.005815206,0.003661426,0.000430756,0.001938402,0.016368727,0.04070644,0,0,0.000215378,0,0.004953694,0.00538445,0.000215378,0.004953694
lucan.bellum_civile.part.3.txt,epic,4763,277,17.19494585,0.21299639,4.666666667,0.000839807,0,0,0.093638463,0.000629855,0.011967248,0.002099517,0.002309469,0.001469662,0.001469662,0.001049759,0.000629855,0.000419903,0.008398068,0.035061936,0,0,0,0.000209952,0.002939324,0.006718455,0.000839807,0.005458744
lucan.bellum_civile.part.4.txt,epic,5154,300,17.18,0.25,4.894117647,0.000582072,0,0.000194024,0.097012029,0.001164144,0.012029492,0.003492433,0.005626698,0.001164144,0.002910361,0.001940241,0.000582072,0.001358168,0.008537059,0.033566162,0,0,0,0,0.002910361,0.002522313,0.000388048,0.004850601
lucan.bellum_civile.part.5.txt,epic,5181,324,15.99074074,0.219135802,4.908045977,0.000386026,0,0.000386026,0.093225246,0.001158078,0.011580776,0.002316155,0.004246285,0.001737116,0.008685582,0.002123142,0.001158078,0.001158078,0.020845397,0.031268095,0,0,0,0,0.003667246,0.006369427,0.000193013,0.002316155
lucan.bellum_civile.part.6.txt,epic,5165,270,19.12962963,0.277777778,4.428571429,0.000580833,0,0.000387222,0.102032914,0.001161665,0.013359148,0.001548887,0.003678606,0.001742498,0.003097773,0.002516941,0.000580833,0.001355276,0.015101646,0.034656341,0,0,0.000193611,0,0.003097773,0.005227493,0.000193611,0.003484995
lucan.bellum_civile.part.7.txt,epic,5590,336,16.63392857,0.258928571,4.198347107,0.000536673,0,0,0.091949911,0.001073345,0.018067979,0.001431127,0.002862254,0.003041145,0.007692308,0.002146691,0.001788909,0.001788909,0.019677996,0.036851521,0,0,0,0,0.005187835,0.007513417,0.000894454,0.004293381
lucan.bellum_civile.part.8.txt,epic,5619,344,16.33430233,0.293604651,4.738095238,0.00071187,0,0.000177968,0.08862787,0.001245773,0.014949279,0.00071187,0.003025449,0.003203417,0.012279765,0.001601708,0.001423741,0.002313579,0.018152696,0.040398647,0,0,0.000177968,0,0.002491547,0.007652607,0.000533903,0.003559352
lucan.bellum_civile.part.9.txt,epic,7079,409,17.30317848,0.268948655,5.04109589,0.000565052,0,0.000141263,0.098177709,0.001553892,0.014126289,0.00098884,0.002118943,0.001412629,0.007769459,0.002542732,0.001130103,0.001695155,0.016386495,0.038847295,0,0,0.000282526,0,0.003531572,0.004802938,0.000706314,0.003249046
lucretius.de_rerum_natura.part.1.txt,epic,7253,254,28.55511811,0.645669291,7.238636364,0.003998346,0,0.001240866,0.114021784,0.001654488,0.01557976,0.001654488,0.004549841,0.004136219,0.003033228,0.003308976,0,0,0.017096374,0.058872191,0.000137874,0.001516614,0.001240866,0.000275748,0.007445195,0.011443541,0.000965118,0.006617951
lucretius.de_rerum_natura.part.2.txt,epic,7634,254,30.05511811,0.602362205,6.675105485,0.005501703,0,0.001702908,0.111605973,0.003798795,0.016374116,0.001440922,0.004060781,0.004584752,0.003012837,0.004322767,0,0.000261986,0.012313335,0.058946817,0,0.002750851,0.001309929,0.000130993,0.007335604,0.006025675,0.001964894,0.007728583
lucretius.de_rerum_natura.part.3.txt,epic,7410,259,28.61389961,0.494208494,7.415,0.003373819,0.000134953,0.002024291,0.128475034,0.002968961,0.019568151,0.001619433,0.003373819,0.00242915,0.00391363,0.005398111,0,0.000269906,0.020512821,0.056950067,0.000134953,0.001214575,0.001889339,0.000134953,0.009581646,0.009176788,0.000539811,0.009446694
lucretius.de_rerum_natura.part.4.txt,epic,8637,338,25.5591716,0.544378698,6.439597315,0.00613639,0,0.002894524,0.116012504,0.003589209,0.02338775,0.002199838,0.002315619,0.005325923,0.002547181,0.005904828,0,0,0.011925437,0.058237814,0.000115781,0.000810467,0.000578905,0,0.004978581,0.006252171,0.000694686,0.011346532
lucretius.de_rerum_natura.part.5.txt,epic,9514,353,26.95184136,0.473087819,7.211764706,0.005150305,0,0.001681732,0.124658398,0.002312382,0.015766239,0.001891949,0.003468573,0.003573681,0.004624764,0.003468573,0,0.000105108,0.009775068,0.05076729,0,0.00063065,0.000105108,0.000210217,0.005360521,0.004729872,0.000840866,0.008303553
lucretius.de_rerum_natura.part.6.txt,epic,8521,343,24.8425656,0.472303207,6.434108527,0.004107499,0.000234714,0.002112428,0.10832062,0.003872785,0.02159371,0.001760357,0.003051285,0.002347142,0.002933928,0.006337284,0,0,0.008449712,0.063255486,0.000117357,0.001056214,0.000352071,0.000234714,0.004342213,0.00528107,0.000704143,0.011031569
manilius.astronomicon.part.1.txt,epic,5874,225,26.07555556,0.417777778,7.022222222,0.003064351,0,0.000680967,0.121893088,0.001191692,0.013619339,0.000340483,0.003575077,0.003064351,0.001872659,0.008341845,0.000170242,0,0.009874021,0.061627511,0,0,0.000340483,0,0.005447736,0.003575077,0.000340483,0.003064351
manilius.astronomicon.part.2.txt,epic,6275,258,24.34883721,0.441860465,6.163522013,0.001593625,0,0.001593625,0.117609562,0.001752988,0.018964143,0.000159363,0.005099602,0.003346614,0.001434263,0.006055777,0.000159363,0,0.009721116,0.062151394,0,0.001115538,0.001752988,0.000159363,0.005577689,0.002868526,0.000159363,0.005099602
manilius.astronomicon.part.3.txt,epic,4475,185,24.2,0.443243243,6.415254237,0.002458101,0,0.000670391,0.106592179,0.003128492,0.020111732,0.001787709,0.007150838,0.003798883,0.000893855,0.003575419,0,0.000223464,0.00849162,0.068379888,0,0.000223464,0,0,0.003128492,0.005139665,0.000446927,0.006480447
manilius.astronomicon.part.4.txt,epic,6100,279,21.8781362,0.29390681,6.822429907,0.002295082,0,0.000491803,0.137868852,0.001639344,0.01,0.000163934,0.008196721,0.002459016,0.004098361,0.007704918,0,0,0.011967213,0.058360656,0,0.000327869,0.000491803,0,0.005901639,0.002131148,0.000327869,0.002622951
manilius.astronomicon.part.5.txt,epic,4696,198,23.73737374,0.323232323,8.168831169,0.001064736,0.000212947,0,0.13032368,0.001916525,0.014267462,0.000212947,0.004258944,0.000638842,0.001064736,0.008091993,0,0,0.007453152,0.062180579,0,0.000212947,0.001277683,0,0.004045997,0.00149063,0,0.002342419
martial.epigrams.part.1.txt,miscellaneous,3181,225,14.14222222,0.262222222,5.246575342,0.000314367,0,0.0009431,0.088965734,0.001886199,0.023891858,0.001886199,0.002829299,0.003772399,0.010374096,0.004086765,0.002829299,0.001571833,0.040553285,0.026721157,0,0.000314367,0,0,0.002514932,0.014146495,0.000314367,0.002829299
martial.epigrams.part.10.txt,miscellaneous,3415,247,13.84210526,0.267206478,4.82278481,0.000878477,0,0,0.083162518,0.000585652,0.019912152,0.002928258,0.003513909,0.000878477,0.014055637,0.002342606,0.000878477,0.001464129,0.041288433,0.026061493,0,0.000292826,0,0,0.002928258,0.008199122,0.000292826,0.004978038
martial.epigrams.part.11.txt,miscellaneous,3699,287,12.90243902,0.222996516,5.03,0.000540687,0,0.001081373,0.085969181,0.00243309,0.01865369,0.00162206,0.001351717,0.003784807,0.01135442,0.002703433,0.002703433,0.002703433,0.048121114,0.024871587,0,0,0,0,0.002973777,0.009462017,0.000540687,0.004325493
martial.epigrams.part.12.txt,miscellaneous,2427,168,14.44642857,0.255952381,4.983050847,0.000412031,0,0.000412031,0.094767202,0.003296251,0.01895344,0.001236094,0.002472188,0.005356407,0.010712814,0.002884219,0.001236094,0.000412031,0.043263288,0.025545941,0,0,0,0,0.001648125,0.010300783,0.001648125,0.005356407
martial.epigrams.part.13.txt,miscellaneous,1705,161,10.59006211,0.180124224,4.566666667,0.00058651,0,0,0.058651026,0.002346041,0.034604106,0.00058651,0.001759531,0.006451613,0.009384164,0.004692082,0.002346041,0.00058651,0.04340176,0.029912023,0,0,0,0,0.002346041,0.016422287,0.00058651,0.002932551
martial.epigrams.part.14.txt,miscellaneous,2736,265,10.3245283,0.162264151,4.586956522,0.000365497,0,0,0.057748538,0.002923977,0.031798246,0.003654971,0.002192982,0.005482456,0.009137427,0.003654971,0.005847953,0.000730994,0.047149123,0.021929825,0,0.000365497,0,0,0.001827485,0.016447368,0,0.003654971
martial.epigrams.part.2.txt,miscellaneous,2454,229,10.72052402,0.244541485,4.492957746,0.001222494,0,0.000814996,0.072127139,0.00407498,0.026487368,0.002852486,0.001222494,0.000814996,0.021597392,0.002852486,0.002444988,0.001629992,0.046862266,0.018337408,0,0,0,0,0.000407498,0.01792991,0.000407498,0.002852486
martial.epigrams.part.3.txt,miscellaneous,2598,235,11.05957447,0.217021277,4.156626506,0.001154734,0,0.000769823,0.071208622,0.005388761,0.031947652,0.00269438,0.00269438,0.00269438,0.018090839,0.00269438,0.000769823,0.000384911,0.051963048,0.022324865,0,0,0,0,0.001154734,0.009237875,0.000384911,0.004234026
martial.epigrams.part.4.txt,miscellaneous,2640,197,13.40101523,0.223350254,5.358490566,0.001136364,0,0.000378788,0.08219697,0.001515152,0.023106061,0.004166667,0.002272727,0.001893939,0.015151515,0.001515152,0.002272727,0.001515152,0.035984848,0.023106061,0,0,0,0,0.003787879,0.006818182,0.001136364,0.004166667
martial.epigrams.part.5.txt,miscellaneous,2301,193,11.92227979,0.207253886,4.9,0,0,0,0.075184702,0.001738375,0.023902651,0.002172968,0.00478053,0.003042156,0.023902651,0.003476749,0.005649718,0.002172968,0.046501521,0.01781834,0,0.001303781,0,0,0.002607562,0.013906997,0.001738375,0.003476749
martial.epigrams.part.6.txt,miscellaneous,2524,202,12.5,0.222772277,4.927272727,0.000792393,0,0,0.086767036,0.003565769,0.020602219,0.002377179,0.000792393,0.001980983,0.013470681,0.002377179,0.000792393,0.00118859,0.054278922,0.019809826,0,0.000792393,0,0,0.002773376,0.008320127,0.000396197,0.005546751
martial.epigrams.part.7.txt,miscellaneous,3303,210,15.72857143,0.285714286,4.814285714,0.000302755,0,0.000302755,0.088101726,0.003633061,0.026642446,0.003330306,0.002119285,0.00181653,0.010899183,0.003935816,0.002422041,0.00060551,0.039660914,0.023614896,0,0.00060551,0,0,0.00181653,0.010899183,0.00060551,0.004238571
martial.epigrams.part.8.txt,miscellaneous,3166,205,15.44390244,0.273170732,5.163934426,0,0.000315856,0.000315856,0.074226153,0.00157928,0.020846494,0.002842704,0.001263424,0.001263424,0.012002527,0.006632975,0.001895136,0.00157928,0.038850284,0.02432091,0,0,0,0,0.002210992,0.008212255,0.000631712,0.003790272
martial.epigrams.part.9.txt,miscellaneous,4458,268,16.64179104,0.380597015,4.748251748,0.000448632,0,0.000448632,0.072454015,0.001345895,0.022880215,0.003589053,0.003140422,0.002243158,0.009645581,0.003589053,0.001794527,0.00269179,0.042171377,0.027815164,0,0.000672948,0,0,0.002243158,0.008299686,0.001345895,0.00538358
ovid.amores.part.1.txt,elegy,5002,412,11.99029126,0.220873786,4.09,0,0,0.00019992,0.078568573,0.00179928,0.018192723,0.0029988,0.003998401,0.0019992,0.010595762,0.004598161,0.00119952,0.00039984,0.038384646,0.035585766,0,0.00039984,0.00039984,0,0.00139944,0.006997201,0.00019992,0.004198321
ovid.amores.part.2.txt,elegy,5283,393,13.25699746,0.244274809,5.017857143,0.000946432,0,0,0.069846678,0.001325005,0.02309294,0.001892864,0.005678592,0.001703578,0.010410751,0.006435737,0.00208215,0.001703578,0.042968011,0.038425137,0,0.000189286,0.000189286,0,0.001703578,0.010032179,0.000757146,0.004542873
ovid.amores.part.3.txt,elegy,5562,442,12.42533937,0.201357466,4.754901961,0.000719166,0,0,0.07479324,0.001618123,0.021574973,0.001797914,0.004135203,0.001797914,0.015641855,0.004494786,0.001438332,0.000898957,0.036497663,0.034699748,0,0.000179791,0.000359583,0,0.001797914,0.0062927,0.001078749,0.003595829
ovid.ars_amatoria.part.1.txt,elegy,4929,338,14.57988166,0.25739645,3.743119266,0.000608643,0,0,0.079326435,0.002840333,0.030432136,0.001825928,0.007709475,0.003854737,0.007100832,0.003448975,0.001825928,0.000405762,0.025157233,0.031040779,0,0.000202881,0.000202881,0,0.003854737,0.008520998,0.002028809,0.008318117
ovid.ars_amatoria.part.2.txt,elegy,4797,331,14.48640483,0.280966767,3.775,0.000416927,0,0.000208464,0.085678549,0.0022931,0.028351053,0.0022931,0.007713154,0.002710027,0.005420054,0.005628518,0.001667709,0.001250782,0.026057953,0.032520325,0,0.000416927,0.000208464,0.000208464,0.003543882,0.009172399,0.001459245,0.004169272
ovid.ars_amatoria.part.3.txt,elegy,5174,363,14.25068871,0.253443526,4.436893204,0.001159644,0,0,0.082334751,0.003478933,0.022999613,0.001739467,0.008117511,0.002319289,0.008504059,0.002899111,0.001932741,0.000579822,0.02377271,0.036722072,0,0.000773096,0.000386548,0,0.001159644,0.007344414,0.002126015,0.006571318
ovid.ex_ponto.part.1.txt,elegy,5006,301,16.63122924,0.398671096,4.673333333,0.000399521,0,0,0.075509389,0.002596884,0.029564523,0.000599281,0.004994007,0.003795445,0.00679185,0.00699161,0.002596884,0.000998801,0.04135038,0.035357571,0,0.00019976,0,0,0.002197363,0.009988014,0.001398322,0.011386336
ovid.ex_ponto.part.2.txt,elegy,4956,263,18.84410646,0.372623574,4.985815603,0.000807103,0,0.000201776,0.078087167,0.001815981,0.022195319,0.001008878,0.005246166,0.003430186,0.00322841,0.004842615,0.001815981,0.001008878,0.052461663,0.034100081,0,0.000201776,0.000201776,0,0.003026634,0.009887006,0.001815981,0.008071025
ovid.ex_ponto.part.3.txt,elegy,4787,281,17.03202847,0.341637011,5.06557377,0.001253395,0,0.000208899,0.084813035,0.001253395,0.02799248,0.003969083,0.006684771,0.003969083,0.006266973,0.005640276,0.001462294,0.001671193,0.044913307,0.038646334,0,0.000626697,0.000208899,0,0.002088991,0.011489451,0.001044496,0.00940046
ovid.ex_ponto.part.4.txt,elegy,6021,327,18.41284404,0.379204893,5.027932961,0.001494768,0,0,0.082876599,0.000996512,0.027570171,0.001494768,0.004816476,0.002989537,0.00465039,0.002823451,0.002325195,0.000830427,0.044843049,0.038697891,0,0.000166085,0.000498256,0.000166085,0.001993024,0.008304268,0.000996512,0.007141671
ovid.fasti.part.1.txt,elegy,4568,237,19.2742616,0.345991561,5,0.000875657,0,0,0.076619965,0.001751313,0.025175131,0.001313485,0.004597198,0.005035026,0.005035026,0.004816112,0.001751313,0.000218914,0.019702277,0.039842382,0,0.000218914,0,0.000218914,0.002845884,0.003064799,0.000656743,0.007224168
ovid.fasti.part.2.txt,elegy,5425,309,17.55339806,0.229773463,5,0.001105991,0,0,0.078341014,0.001474654,0.028571429,0.00202765,0.0040553,0.003133641,0.005898618,0.0040553,0.000737327,0.000184332,0.016958525,0.040552995,0,0,0,0,0.002764977,0.003870968,0.000552995,0.004976959
ovid.fasti.part.3.txt,elegy,5556,316,17.57278481,0.278481013,4.775700935,0.000179986,0,0.000179986,0.078833693,0.001799856,0.02987761,0.001799856,0.004679626,0.002699784,0.005399568,0.003059755,0.000359971,0.000719942,0.01799856,0.040316775,0,0.000179986,0.000359971,0.000179986,0.002339813,0.005219582,0.000899928,0.005219582
ovid.fasti.part.4.txt,elegy,5980,346,17.2716763,0.219653179,4.976744186,0.000334448,0,0,0.086287625,0.001839465,0.026755853,0.001003344,0.005518395,0.001337793,0.005016722,0.002006689,0.00083612,0,0.016053512,0.034113712,0,0.000167224,0,0,0.002173913,0.005016722,0.001337793,0.004013378
ovid.fasti.part.5.txt,elegy,4601,263,17.48288973,0.220532319,4.666666667,0.00108672,0,0,0.081938709,0.002173441,0.027385351,0.001956097,0.006302978,0.001738752,0.004346881,0.002825473,0.000217344,0.000217344,0.021517062,0.036296457,0,0,0.000217344,0,0.003042817,0.005650945,0.00108672,0.00586829
ovid.fasti.part.6.txt,elegy,5142,301,17.0730897,0.275747508,4.610526316,0.000777907,0,0,0.075845974,0.001555815,0.032477635,0.000194477,0.004861921,0.002528199,0.004861921,0.004472968,0.001166861,0.001361338,0.019642163,0.042007001,0,0.000388954,0,0,0.002722676,0.005639829,0.000388954,0.002528199
ovid.heroides.part.1.1-15.txt,elegy,15605,1223,12.58053966,0.21422731,4.676923077,0.000512656,0,0,0.082089074,0.001345723,0.021339314,0.001922461,0.0057033,0.002114707,0.011727011,0.004998398,0.00128164,0.001217558,0.047228452,0.035052868,0,6.41E-05,0.00032041,0,0.001922461,0.007818007,0.00096123,0.006087792
ovid.heroides.part.2.16-21.txt,elegy,10455,756,13.7037037,0.272486772,4.46090535,0.00095648,0,0,0.082831181,0.002295552,0.028981349,0.002773792,0.003921569,0.004112865,0.01013869,0.005260641,0.003252033,0.001052128,0.056432329,0.031755141,0,9.56E-05,0.000573888,0,0.001339072,0.00966045,0.00095648,0.008417025
ovid.ibis.txt,elegy,4042,213,18.95774648,0.399061033,5.311594203,0,0,0,0.08263236,0.001484414,0.017812964,0.002474023,0.001979218,0.004205839,0.000247402,0.004205839,0.000247402,0,0.029935675,0.040573973,0,0,0,0,0.001731816,0.003463632,0.001484414,0.031172687
ovid.medicamina_faciei_femineae.txt,elegy,613,43,14.25581395,0.325581395,4.5,0,0,0,0.070146819,0,0.009787928,0,0.009787928,0.001631321,0,0.004893964,0,0,0.022838499,0.037520392,0,0,0,0,0.006525285,0.001631321,0,0.001631321
ovid.metamorphoses.part.1.txt,epic,5084,282,18.0248227,0.276595745,5.336842105,0.000786782,0,0.000196696,0.108969315,0.000590087,0.024390244,0.000786782,0.00393391,0.003147128,0.002163651,0.003737215,0.000590087,0.001180173,0.01711251,0.041306058,0,0.000590087,0.000196696,0,0.003343824,0.004327301,0.001376869,0.005114083
ovid.metamorphoses.part.10.txt,epic,4895,317,15.40694006,0.223974763,5.463414634,0.00081716,0,0,0.127068437,0.001634321,0.024719101,0.002860061,0.003268641,0.003472932,0.004902962,0.004902962,0.00081716,0.001225741,0.019203269,0.037180797,0,0,0,0,0.003677222,0.007967314,0.001634321,0.004902962
ovid.metamorphoses.part.11.txt,epic,5168,280,18.45,0.278571429,5.891304348,0.001354489,0,0.000193498,0.115905573,0.000967492,0.025735294,0.003289474,0.002321981,0.000967492,0.002128483,0.003869969,0.000386997,0.000193498,0.014705882,0.04005418,0,0,0,0,0.004256966,0.004063467,0.002321981,0.004643963
ovid.metamorphoses.part.12.txt,epic,4081,206,19.80097087,0.359223301,6.034482759,0.001470228,0,0.000245038,0.113697623,0.001470228,0.022053418,0.000980152,0.003185494,0.003185494,0.004410684,0.003430532,0.000490076,0.00122519,0.014947317,0.047782406,0,0,0,0,0.002205342,0.001960304,0.001715266,0.004410684
ovid.metamorphoses.part.13.txt,epic,6387,330,19.33333333,0.327272727,5.17218543,0.000939408,0,0.000156568,0.118208862,0.001878816,0.026616565,0.001095976,0.005636449,0.002818225,0.007671833,0.003131361,0.002191952,0.001095976,0.03413183,0.039611711,0,0,0.000156568,0,0.004227337,0.006888993,0.001722248,0.004853609
ovid.metamorphoses.part.14.txt,epic,5534,219,25.25570776,0.401826484,6.153846154,0.000180701,0,0,0.121069751,0.000903506,0.021503433,0.001807011,0.00325262,0.002168413,0.001987712,0.003614022,0,0.001807011,0.022406939,0.040657752,0,0.000180701,0.000180701,0,0.003614022,0.005421034,0.001987712,0.003794724
ovid.metamorphoses.part.15.txt,epic,5635,245,22.99591837,0.359183673,5.745762712,0.002484472,0,0,0.125820763,0.001597161,0.018988465,0.000354925,0.004436557,0.004081633,0.005146406,0.003194321,0.000709849,0.000887311,0.011002662,0.039751553,0,0.000177462,0,0,0.002129547,0.005856256,0.001419698,0.003016859
ovid.metamorphoses.part.2.txt,epic,5713,320,17.84375,0.290625,5.540540541,0,0,0,0.123577805,0.001225276,0.019429372,0.00280063,0.003325748,0.003150709,0.004375985,0.002625591,0.000700158,0.000875197,0.016628741,0.03990898,0,0.000350079,0,0,0.003675827,0.004726063,0.002100473,0.006651497
ovid.metamorphoses.part.3.txt,epic,4827,308,15.66233766,0.269480519,5.364583333,0.00207168,0,0,0.117464264,0.001450176,0.026517506,0.002900352,0.003521856,0.002693184,0.00621504,0.0051792,0.00103584,0.001243008,0.018645121,0.037083074,0,0,0,0,0.002900352,0.005593536,0.001450176,0.003521856
ovid.metamorphoses.part.4.txt,epic,5197,274,18.96715328,0.273722628,5.840425532,0.000384837,0,0,0.117375409,0.001346931,0.025014431,0.003078699,0.002693862,0.002886281,0.003271118,0.001924187,0.000962094,0.001346931,0.016740427,0.045218395,0,0,0,0,0.004040793,0.003463537,0.003078699,0.006157398
ovid.metamorphoses.part.5.txt,epic,4415,253,17.44664032,0.304347826,6.021505376,0.000679502,0,0.000226501,0.117553794,0.001132503,0.022650057,0.002944507,0.003624009,0.001585504,0.00385051,0.001812005,0.000226501,0.000906002,0.021291053,0.045753114,0,0,0.000226501,0,0.003171008,0.004530011,0.002718007,0.003624009
ovid.metamorphoses.part.6.txt,epic,4674,275,16.99636364,0.236363636,5.626666667,0.000427899,0,0,0.10868635,0.001497647,0.023962345,0.001711596,0.003637142,0.002567394,0.003637142,0.00427899,0.000427899,0.001069748,0.017115961,0.040008558,0,0,0.000427899,0,0.003209243,0.00449294,0.000855798,0.006632435
ovid.metamorphoses.part.7.txt,epic,5577,356,15.65168539,0.235955056,5.979591837,0.001075847,0,0.000358616,0.122287968,0.001434463,0.020979021,0.002689618,0.00340685,0.001793079,0.00502062,0.004303389,0.001434463,0.000537924,0.022413484,0.038909808,0.000179308,0,0.000537924,0,0.004303389,0.004303389,0.001434463,0.003944773
ovid.metamorphoses.part.8.txt,epic,5726,362,15.79558011,0.215469613,6.25,0.00087321,0,0,0.116835487,0.001047852,0.022354174,0.002794272,0.002968914,0.001921062,0.003842124,0.00349284,0.000523926,0.002444988,0.018861334,0.040691582,0,0,0,0,0.003143556,0.004016766,0.000698568,0.005413902
ovid.metamorphoses.part.9.txt,epic,5230,335,15.60597015,0.259701493,5.223300971,0.000956023,0,0,0.120650096,0.001912046,0.019694073,0.003250478,0.004971319,0.002294455,0.008604207,0.00458891,0.000956023,0.001147228,0.02543021,0.029827916,0,0.000191205,0.000573614,0,0.003824092,0.007648184,0.001147228,0.005544933
ovid.remedia_amoris.txt,elegy,5260,389,13.51928021,0.259640103,4.260162602,0.001520913,0,0,0.07756654,0.001140684,0.025285171,0.002281369,0.006273764,0.003802281,0.007794677,0.002661597,0.001140684,0.000570342,0.028897338,0.031178707,0,0.000570342,0.000570342,0,0.003231939,0.008365019,0.000760456,0.007414449
ovid.tristia.part.1.txt,elegy,4737,267,17.74157303,0.348314607,4.6,0.000422208,0,0,0.088030399,0.002111041,0.02955457,0.002111041,0.006544226,0.003588769,0.004010977,0.005488706,0.001266624,0.000844416,0.04095419,0.036521005,0,0.000211104,0,0,0.001899937,0.012877349,0.002744353,0.008444163
ovid.tristia.part.2.txt,elegy,3662,198,18.48989899,0.287878788,4.646341463,0.002457673,0,0,0.086837794,0.001365374,0.02266521,0.00054615,0.005734571,0.003823048,0.009830694,0.003276898,0.00054615,0.000819224,0.033315128,0.033315128,0,0.00054615,0,0,0.004096122,0.008465319,0.001365374,0.010376843
ovid.tristia.part.3.txt,elegy,5098,293,17.39931741,0.320819113,4.462809917,0.000392311,0,0,0.094546881,0.001373087,0.026088662,0.00294233,0.005688505,0.003138486,0.007061593,0.003530796,0.001961554,0.000980777,0.038642605,0.035700275,0,0,0.000196155,0,0.001961554,0.009807768,0.001961554,0.008826991
ovid.tristia.part.4.txt,elegy,4391,228,19.25877193,0.412280702,4.984251969,0.000683216,0.000227739,0.000227739,0.0915509,0.002277386,0.025962195,0.00159417,0.003871555,0.002277386,0.004554771,0.004327033,0.001366431,0.000683216,0.043042587,0.038032339,0.000227739,0.000683216,0.000227739,0,0.002277386,0.007515372,0.001138693,0.006148941
ovid.tristia.part.5.txt,elegy,4933,271,18.19926199,0.391143911,4.636986301,0.000810866,0,0.000608149,0.083924589,0.001216298,0.023717819,0.001216298,0.004257044,0.00283803,0.007500507,0.006689641,0.002432597,0.001824448,0.044597608,0.038718832,0,0.000202716,0.000608149,0,0.003648895,0.010743969,0.001216298,0.011352118
persius.satires.txt,miscellaneous,4692,321,13.89096573,0.161993769,5.738461538,0.001278772,0,0.000426257,0.090366581,0.002557545,0.030051151,0.001065644,0.004475703,0.001918159,0.030051151,0.001065644,0.001491901,0.002770673,0.027280477,0.031329923,0,0.000213129,0.000852515,0,0.002983802,0.01001705,0.000213129,0.004688832
phaedrus.fabulae_aesopiae.txt,miscellaneous,11003,819,13.42857143,0.35042735,4.783707865,0.002272108,0,0,0.066163774,0.006180133,0.026992638,0.003362719,0.004362447,0.005089521,0.006180133,0.002635645,0.000908843,0.000817959,0.026719985,0.03462692,9.09E-05,0.003271835,0.000181769,0,0.008088703,0.007906934,0.000999727,0.009179315
plautus.amphitruo.txt,drama,9340,987,9.460992908,0.19858156,4.87966805,0.001820128,0,0.000321199,0.076017131,0.001820128,0.052997859,0.00117773,0.001605996,0.005139186,0.027301927,0.001391863,0.00620985,0,0.079014989,0.03490364,0.000321199,0.000214133,0.002248394,0,0.004710921,0.013169165,0.000321199,0.014882227
plautus.asinaria.txt,drama,7632,901,8.467258602,0.178690344,4.354166667,0.002489518,0,0.000393082,0.072720126,0.003013627,0.050838574,0.0014413,0.004323899,0.008778826,0.028301887,0.002489518,0.009302935,0.000524109,0.081498952,0.03197065,0.000524109,0,0.003013627,0,0.004848008,0.017033543,0.000655136,0.013757862
plautus.aulularia.txt,drama,6561,744,8.813172043,0.186827957,4.760479042,0.001371742,0,0.000457247,0.075750648,0.001981405,0.050906874,0.000609663,0.001828989,0.006858711,0.025758269,0.001371742,0.005029721,0.000457247,0.08870599,0.032007316,0.000609663,0,0.002743484,0,0.003657979,0.013565005,0.000762079,0.013565005
plautus.bacchides.txt,drama,9458,1182,7.996615905,0.170050761,4.745689655,0.001374498,0,0.000634384,0.067350391,0.002431804,0.059209135,0.00169169,0.001374498,0.006343836,0.032565024,0.002008881,0.006978219,0.001268767,0.076971876,0.033410869,0.000528653,0.000105731,0.001585959,0,0.004123493,0.011630366,0.000634384,0.016071051
plautus.captivi.txt,drama,8288,819,10.11721612,0.230769231,4.714893617,0.002413127,0,0.000723938,0.082046332,0.001085907,0.060931467,0.000965251,0.002171815,0.005791506,0.020511583,0.002051158,0.006998069,0,0.083373552,0.040419884,0.000241313,0,0.001809846,0.000120656,0.004464286,0.01363417,0.000844595,0.013513514
plautus.casina.txt,drama,7186,914,7.852297593,0.135667396,4.698630137,0.000974116,0,0.001113276,0.072084609,0.002504871,0.05329808,0.002087392,0.001669914,0.005009741,0.031032563,0.001391595,0.005844698,0.000695797,0.083217367,0.030615085,0.000139159,0.000417478,0.004035625,0,0.004592263,0.011411077,0.000695797,0.013776788
plautus.cistellaria.txt,drama,4952,573,8.635253054,0.181500873,4.708955224,0.003029079,0,0.000403877,0.073909532,0.001817447,0.075323102,0.000403877,0.002625202,0.006462036,0.019789984,0.001211632,0.007067851,0.000403877,0.084208401,0.033925687,0,0.002625202,0.001615509,0,0.005654281,0.013529887,0.000807754,0.011308562
plautus.curculio.txt,drama,5712,782,7.301790281,0.167519182,4.5,0.00140056,0,0.00105042,0.073529412,0.00122549,0.053396359,0.00297619,0.00227591,0.006302521,0.033438375,0.00280112,0.008578431,0.00070028,0.092962185,0.033088235,0.00052521,0,0.00262605,0,0.003851541,0.013655462,0.00122549,0.012079832
plautus.epidicus.txt,drama,5979,805,7.419875776,0.166459627,4.635220126,0.002676033,0,0.000501756,0.067068072,0.00167252,0.063723031,0.00167252,0.002843285,0.003679545,0.036293695,0.002843285,0.007860846,0,0.083793276,0.037798963,0.00083626,0,0.002007025,0,0.004850309,0.011205887,0.000334504,0.011540391
plautus.menaechmi.txt,drama,8929,1134,7.872134039,0.168430335,4.296943231,0.001567925,0,0.000895957,0.070108635,0.001567925,0.052861463,0.001791914,0.001903909,0.005711726,0.035614291,0.001903909,0.00604771,0.000783962,0.089483705,0.033374398,0.000223989,0.000559973,0.00291186,0,0.004031806,0.010975473,0.002239892,0.012767387
plautus.mercator.txt,drama,8007,1090,7.341284404,0.151376147,4.076923077,0.002248033,0,0.000499563,0.074185088,0.00174847,0.056575496,0.00174847,0.002747596,0.006119645,0.034844511,0.001124016,0.009117023,0.000249781,0.076682902,0.027850631,0.000499563,0.000499563,0.00512052,0,0.004246285,0.013363307,0.000874235,0.013363307
plautus.miles_gloriosus.txt,drama,11852,1387,8.51405912,0.16222062,4.519855596,0.002278097,0,0.000590618,0.079902126,0.001603105,0.063027337,0.002446844,0.002446844,0.009112386,0.026746541,0.001603105,0.007171785,0.000590618,0.07956463,0.036533918,0.000590618,0.000337496,0.002868714,0,0.005484306,0.014512319,0.000674992,0.012656092
plautus.mostellaria.txt,drama,8908,1300,6.846153846,0.115384615,4.554913295,0.00246969,0,0.000224517,0.067130669,0.001459362,0.058599012,0.001010328,0.001347104,0.007072295,0.03805568,0.000785811,0.009429726,0.000449035,0.079928154,0.029636282,0.000449035,0.000112259,0.002918725,0,0.004041311,0.010889088,0.000898069,0.011338123
plautus.persa.txt,drama,7189,1024,7.014648438,0.153320313,4.229885057,0.001112811,0,0.000834608,0.074697454,0.001112811,0.055084156,0.001530115,0.002225622,0.007511476,0.033106134,0.002086521,0.006259563,0.000695507,0.086381972,0.029906802,0.000139101,0.000139101,0.003616637,0,0.002086521,0.013353735,0,0.014605648
plautus.poenulus.txt,drama,10733,1395,7.686738351,0.154121864,4.334677419,0.0015839,0,0.000745365,0.071834529,0.001118047,0.057113575,0.001304388,0.002608777,0.00465853,0.027671667,0.001770241,0.005497065,0.001024877,0.076120376,0.033355073,0.000652194,0.000186341,0.0015839,0,0.00465853,0.012950713,0.000838535,0.012019007
plautus.pseudolus.txt,drama,10477,1278,8.19170579,0.154147105,4.546558704,0.002767968,0,0.001240813,0.07521237,0.001049919,0.056791066,0.001718049,0.00133626,0.005345042,0.033406509,0.002481626,0.006013172,0.000477236,0.083707168,0.031783908,0.000572683,9.54E-05,0.002386179,0,0.003149757,0.014412523,0.000859025,0.015271547
plautus.rudens.txt,drama,11043,1365,8.086446886,0.164102564,4.738970588,0.001448882,0,0.000271665,0.07081409,0.001720547,0.058045821,0.002807208,0.001720547,0.00425609,0.030607625,0.001177216,0.00869329,0.000814996,0.075341846,0.039119804,0.00036222,9.06E-05,0.001539437,0,0.003622204,0.014669927,0.001448882,0.013039935
plautus.stichus.txt,drama,5934,719,8.248956885,0.152990264,4.361538462,0.002696326,0,0.000337041,0.070441523,0.000505561,0.049039434,0.001516684,0.002359285,0.003538928,0.02578362,0.002022245,0.004044489,0.001011122,0.081058308,0.034883721,0.000337041,0,0.002190765,0.00016852,0.004044489,0.011459387,0.000674082,0.012133468
plautus.trinummus.txt,drama,9351,977,9.561924258,0.222108495,4.315217391,0.002780451,0,0.001283285,0.081916373,0.000962464,0.062453214,0.001390226,0.001176345,0.0050262,0.025986526,0.003742915,0.005667843,0.000855523,0.075072185,0.038605497,0.000427762,0.000427762,0.00256657,0,0.003849856,0.016575767,0.000748583,0.011763448
plautus.truculentus.txt,drama,7829,915,8.550819672,0.202185792,4.34893617,0.002682335,0,0.000383191,0.06539788,0.002299144,0.053391238,0.003576447,0.002554605,0.00523694,0.031293907,0.002937795,0.008430195,0.000383191,0.07625495,0.036275386,0.000638651,0,0.001277302,0,0.004470558,0.011623451,0.00025546,0.01111253
propertius.elegies.txt,elegy,25309,1500,16.848,0.245333333,5.475750577,0.000829744,0,7.90E-05,0.079299854,0.001659489,0.022956261,0.001066814,0.003002884,0.001817535,0.008297444,0.003081908,0.001619977,0.001185349,0.042198427,0.036864357,0,0.000316093,0.00047414,0,0.001501442,0.009996444,0.000158047,0.003160931
prudentius.apotheosis.txt,epic,7451,266,27.87593985,0.462406015,5.72985782,0.001073681,0,0.001207892,0.085760301,0.002013153,0.01529996,0.001476312,0.005099987,0.002415783,0.010602604,0.00778419,0.000805261,0.000671051,0.01529996,0.037176218,0,0,0.00026842,0,0.006844719,0.005099987,0.000939471,0.006442088
prudentius.contra_symmachum.part.1.txt,epic,4517,142,31.75352113,0.387323944,7.361445783,0.000885544,0,0.001328315,0.092760682,0.000442772,0.014832854,0.001771087,0.004870489,0.003320788,0.004870489,0.003984946,0.000442772,0.000664158,0.01018375,0.044498561,0,0.000442772,0.000221386,0,0.004206332,0.007305734,0.000885544,0.005313261
prudentius.contra_symmachum.part.2.txt,epic,7545,276,27.21376812,0.434782609,6.115789474,0.001325381,0,0.001060305,0.099933731,0.001325381,0.013651425,0.001192843,0.00702452,0.005168986,0.008747515,0.003180915,0.000927767,0.000795229,0.014579192,0.035917826,0.000132538,0.000530152,0.000530152,0,0.003976143,0.005301524,0.001457919,0.004241219
prudentius.dittochaeon.txt,miscellaneous,1250,72,17.36111111,0.25,5.863636364,0.0008,0,0.004,0.0544,0,0.0216,0.0024,0.0048,0.0016,0,0.0024,0.0024,0.0008,0.0056,0.0496,0,0,0,0,0.0032,0,0,0.0016
prudentius.epilogus.txt,miscellaneous,135,10,13.5,0.2,5.5,0,0,0,0.088888889,0,0.007407407,0,0,0,0,0,0,0,0.014814815,0.044444444,0,0,0,0,0,0,0,0.014814815
prudentius.hamartigenia.txt,epic,6433,187,34.20855615,0.475935829,6.828571429,0.00202083,0,0.00202083,0.089071973,0.001243588,0.014767605,0.002798072,0.004197109,0.001709933,0.005907042,0.004818903,0.000621794,0.000310897,0.011658635,0.040261153,0,0.000155448,0.000466345,0,0.004818903,0.005440696,0.000621794,0.004663454
prudentius.psychomachia.txt,epic,6006,264,22.75,0.310606061,6.765765766,0.000333,0,0.000832501,0.080919081,0.0004995,0.010989011,0.002830503,0.004329004,0.002997003,0.004329004,0.002997003,0.000832501,0.001498501,0.012987013,0.043123543,0,0,0.000666001,0,0.004995005,0.003330003,0.000999001,0.003496503
rutilius.de_reditu.txt,elegy,3973,214,18.56074766,0.331775701,5.747126437,0.001258495,0,0.000251699,0.07072741,0.001258495,0.010823056,0.004278882,0.004530581,0.001006796,0.002013592,0.004278882,0,0.000503398,0.011074755,0.023156305,0.000251699,0.000251699,0.000503398,0,0.00251699,0.006544173,0.001258495,0.001761893
seneca.agamemnon.txt,drama,5470,353,15.45609065,0.158640227,6.114285714,0.002010969,0.000182815,0,0.069652651,0.001645338,0.016087751,0.000548446,0.00274223,0.001096892,0.017184644,0.003656307,0.002559415,0.002010969,0.021389397,0.020840951,0,0,0.000365631,0,0.00274223,0.003290676,0,0.004021938
seneca.hercules_furens.txt,drama,7529,460,16.33913043,0.184782609,6.291262136,0.000796919,0.00026564,0.000398459,0.073582149,0.000929738,0.01713375,0.000929738,0.004781511,0.001195378,0.020188604,0.003984593,0.001593837,0.001992296,0.020454244,0.026298313,0.00013282,0.00013282,0.00026564,0,0.001992296,0.004250232,0,0.003320494
seneca.hercules_oetaeus.txt,drama,11224,724,15.4378453,0.179558011,5.474683544,0.000980043,0.00017819,0.000356379,0.066553813,0.001425517,0.021471846,0.001870991,0.003385602,0.000890948,0.022630078,0.004900214,0.001425517,0.003029223,0.027886671,0.0308268,0,8.91E-05,0.000267284,0,0.001692801,0.006771205,8.91E-05,0.003920171
seneca.medea.txt,drama,5592,356,15.62359551,0.238764045,5.450980392,0.000536481,0,0.000357654,0.066523605,0.001788269,0.018597997,0.001430615,0.005364807,0.001251788,0.014127325,0.003934192,0.002682403,0.000894134,0.022889843,0.025035765,0.000178827,0,0.000357654,0,0.001609442,0.006616595,0,0.004113019
seneca.octavia.txt,drama,5110,309,16.50485437,0.30420712,6.344262295,0.000782779,0.000195695,0.000978474,0.067906067,0.001956947,0.013307241,0.000391389,0.006849315,0.00332681,0.010958904,0.00332681,0.000978474,0.001174168,0.024657534,0.025048924,0,0,0.000195695,0,0.002935421,0.001956947,0,0.003522505
seneca.oedipus.txt,drama,5805,362,15.97237569,0.185082873,5.35443038,0.000689061,0,0.000172265,0.071317829,0.000689061,0.012747631,0.001722653,0.004478898,0.001378122,0.015676141,0.005512489,0.001550388,0.001033592,0.019293712,0.025150732,0,0,0.000516796,0,0.002583979,0.003445306,0.000172265,0.003100775
seneca.phaedra.txt,drama,7102,437,16.18535469,0.18993135,6.365384615,0.001267249,0,0.000281611,0.071810758,0.001126443,0.015911011,0.001267249,0.003801746,0.001689665,0.0156294,0.003801746,0.001971276,0.003238524,0.023232892,0.023514503,0,0.000140805,0.000140805,0,0.003660941,0.004787384,0.000140805,0.003097719
seneca.phoenissae.txt,drama,4093,230,17.73043478,0.247826087,5.595744681,0.001221598,0,0.000488639,0.071585634,0.00024432,0.027363792,0.001954557,0.003420474,0.001710237,0.024676277,0.003909113,0.002687515,0.000732959,0.030295627,0.030295627,0,0.00024432,0.000488639,0,0.003420474,0.006596628,0.00024432,0.006352309
seneca.thyestes.txt,drama,6219,360,17.14166667,0.188888889,6.102803738,0.00064319,0.000160798,0.000482393,0.075092459,0.001607976,0.019617302,0.001447178,0.004502332,0.002411963,0.017526934,0.004823927,0.001125583,0.00128638,0.017687731,0.031677119,0,0.000160798,0.000482393,0,0.003698344,0.005145522,0.000482393,0.002733558
seneca.troades.txt,drama,6734,423,15.81323877,0.21749409,5.628099174,0.001336501,0,0,0.075289575,0.001633502,0.022720523,0.001633502,0.005346005,0.001485001,0.01960202,0.002227502,0.001336501,0.002227502,0.018711019,0.023166023,0,0.0001485,0,0,0.002079002,0.004455004,0.0001485,0.003415503
silius_italicus.punica.part.1.txt,epic,4284,222,19.2972973,0.166666667,6.395348837,0.000466853,0,0.000466853,0.105275444,0.001167134,0.012605042,0.001867414,0.004435107,0.00140056,0.00210084,0.00140056,0,0.001167134,0.008403361,0.041549953,0,0,0,0,0.00280112,0.002567694,0.000466853,0.00280112
silius_italicus.punica.part.10.txt,epic,4225,215,19.64186047,0.209302326,7.163636364,0.000473373,0,0.000473373,0.09964497,0.001183432,0.016094675,0.003313609,0.003786982,0.001420118,0.002366864,0.002840237,0.000473373,0.001183432,0.011360947,0.046390533,0,0.000236686,0,0,0.003076923,0.006153846,0.000473373,0.003786982
silius_italicus.punica.part.11.txt,epic,3875,210,18.45238095,0.219047619,6.981132075,0.000774194,0,0,0.095741935,0.000774194,0.016,0.002064516,0.006451613,0.002580645,0.006451613,0.002322581,0,0.001290323,0.012387097,0.039225806,0,0,0.000774194,0,0.001806452,0.003096774,0.000516129,0.004903226
silius_italicus.punica.part.12.txt,epic,4707,255,18.45882353,0.180392157,7.232142857,0.000637349,0,0.000637349,0.109836414,0.001062248,0.009772679,0.002549395,0.003611642,0.000424899,0.00467389,0.004036541,0,0.000849798,0.011684725,0.045039303,0,0,0,0,0.00467389,0.002974294,0.000424899,0.004248991
silius_italicus.punica.part.13.txt,epic,5701,299,19.06354515,0.244147157,6.79787234,0.000701631,0,0.000175408,0.094544817,0.000701631,0.01613752,0.003508156,0.005086827,0.001929486,0.002806525,0.001929486,0.000175408,0.00157867,0.014558849,0.041571654,0.000175408,0,0,0,0.003157341,0.003157341,0.001227855,0.002104894
silius_italicus.punica.part.14.txt,epic,4219,232,18.18103448,0.232758621,6.683333333,0.001422138,0,0,0.100260725,0.000711069,0.010903058,0.00237023,0.004029391,0.001896184,0.000948092,0.001422138,0,0,0.006636644,0.042190092,0,0,0.000474046,0,0.004266414,0.004266414,0.000237023,0.00237023
silius_italicus.punica.part.15.txt,epic,5116,297,17.22558923,0.181818182,6.415384615,0.000586396,0,0.000195465,0.090109461,0.001368256,0.013682565,0.001368256,0.005082095,0.002345582,0.004104769,0.001759187,0.000195465,0.000195465,0.014464425,0.04280688,0,0,0.000195465,0,0.002931978,0.004300235,0.000586396,0.004104769
silius_italicus.punica.part.16.txt,epic,4428,247,17.92712551,0.222672065,5.753846154,0.000225836,0,0.000451671,0.104787715,0.001129178,0.014227642,0.000903342,0.003613369,0.002935863,0.003839205,0.002484192,0,0.000677507,0.015808491,0.035907859,0.000225836,0.000225836,0.000225836,0,0.003613369,0.003613369,0.000451671,0.003387534
silius_italicus.punica.part.17.txt,epic,4111,216,19.03240741,0.189814815,6.448979592,0.000729749,0,0.00024325,0.10630017,0.001702749,0.010702992,0.002432498,0.002675748,0.001702749,0.005594746,0.003162248,0,0.001216249,0.015567988,0.041838969,0.00024325,0,0.00024325,0,0.004378497,0.003162248,0.000729749,0.005108246
silius_italicus.punica.part.2.txt,epic,4350,217,20.04608295,0.138248848,6.696969697,0.000229885,0,0.000229885,0.114942529,0.00045977,0.012643678,0.002988506,0.004137931,0.001149425,0.002298851,0.002988506,0.000229885,0.00091954,0.012413793,0.04045977,0,0,0.000229885,0,0.002758621,0.001609195,0,0.002298851
silius_italicus.punica.part.3.txt,epic,4377,244,17.93442623,0.200819672,7.603448276,0,0,0,0.105551748,0.000913868,0.01210875,0.001827736,0.003427005,0.000685401,0.002741604,0.000456934,0,0.000913868,0.011194882,0.036783185,0,0,0.000456934,0,0.001827736,0.00228467,0.001142335,0.001599269
silius_italicus.punica.part.4.txt,epic,5177,284,18.22183099,0.147887324,6.511111111,0.000579486,0,0.000193162,0.109716052,0.000386324,0.009658103,0.003090593,0.003283755,0.001352134,0.003283755,0.001545297,0.000193162,0.001352134,0.0112034,0.045779409,0,0,0,0,0.002511107,0.002897431,0.000193162,0.002704269
silius_italicus.punica.part.5.txt,epic,4174,212,19.68396226,0.193396226,7.608695652,0.001916627,0,0,0.095831337,0.000239578,0.01293723,0.002395783,0.003114518,0.002635362,0.00287494,0.003114518,0.000239578,0.000718735,0.010541447,0.047436512,0,0,0,0,0.003593675,0.002635362,0.000958313,0.001677048
silius_italicus.punica.part.6.txt,epic,4505,253,17.80632411,0.193675889,5.86,0.000443951,0,0.000221976,0.108768036,0.000887902,0.012874584,0.001553829,0.006215316,0.001109878,0.003329634,0.001553829,0.000443951,0.00199778,0.016426193,0.042841287,0,0,0,0,0.002885683,0.004439512,0.000221976,0.001553829
silius_italicus.punica.part.7.txt,epic,4739,256,18.51171875,0.171875,6.471698113,0.000633045,0,0,0.107406626,0.00126609,0.012238869,0.00337624,0.005275375,0.00084406,0.003587255,0.001055075,0.000211015,0.001055075,0.012027854,0.041147922,0,0,0.00042203,0,0.00253218,0.004009285,0.000633045,0.003587255
silius_italicus.punica.part.8.txt,epic,4271,248,17.22177419,0.197580645,6.083333333,0.000702412,0,0,0.100210723,0.000468274,0.014984781,0.002341372,0.004916881,0.002107235,0.003043784,0.001404823,0,0.000468274,0.014282369,0.042612971,0,0,0.000234137,0,0.003980332,0.001873098,0.000234137,0.002341372
silius_italicus.punica.part.9.txt,epic,4133,229,18.04803493,0.218340611,6.436363636,0.000725865,0,0.000241955,0.107428018,0.000725865,0.013307525,0.002177595,0.004597145,0.00145173,0.004113235,0.00241955,0.000241955,0.000725865,0.013791435,0.044761674,0,0,0.00048391,0,0.00338737,0.00435519,0,0.00290346
statius.achilleid.txt,epic,7280,270,26.70740741,0.22962963,6.420454545,0.001648352,0,0.000137363,0.133379121,0.000961538,0.018818681,0.001098901,0.004120879,0.001510989,0.009615385,0.004532967,0.000686813,0.001510989,0.017307692,0.028708791,0,0,0.000686813,0,0.001785714,0.005357143,0.001510989,0.001923077
statius.silvae.part.1.txt,miscellaneous,4970,256,19.28125,0.2734375,6.712643678,0.001408451,0,0.000201207,0.111267606,0.001006036,0.023138833,0.002615694,0.002615694,0.001408451,0.007444668,0.007042254,0.000402414,0.001006036,0.022736419,0.029376258,0,0,0.000201207,0,0.002615694,0.005633803,0.000603622,0.001408451
statius.silvae.part.2.txt,miscellaneous,4731,211,22.36018957,0.241706161,5.857142857,0.001268231,0,0.000634115,0.119002325,0.000634115,0.020714437,0.001479603,0.003593321,0.001690974,0.01056859,0.004016064,0.001056859,0.001902346,0.022405411,0.03043754,0,0,0.000422744,0,0.001479603,0.005495667,0.000211372,0.000845487
statius.silvae.part.3.txt,miscellaneous,4902,191,25.53403141,0.293193717,7.426829268,0.000815993,0,0.000407997,0.125051,0.000611995,0.014687882,0.000815993,0.003263974,0.00122399,0.007139943,0.004487964,0.001019992,0.000611995,0.027335781,0.027335781,0.000203998,0,0.000203998,0,0.001019992,0.006935945,0.00244798,0.000407997
statius.silvae.part.4.txt,miscellaneous,4040,178,22.61235955,0.258426966,7.835616438,0.001980198,0,0.001485149,0.107178218,0.000247525,0.020049505,0.00049505,0.005445545,0.001237624,0.008910891,0.003465347,0.00049505,0.000990099,0.028465347,0.024009901,0.000247525,0,0,0,0.002227723,0.00470297,0.001237624,0.001237624
statius.silvae.part.5.txt,miscellaneous,5384,234,22.9017094,0.273504274,7.410526316,0.002228826,0,0.000185736,0.120913819,0.001114413,0.016901932,0.00167162,0.003900446,0.00167162,0.008729569,0.003900446,0.000557207,0.000928678,0.02897474,0.026931649,0,0,0.000557207,0,0.001485884,0.006500743,0.000928678,0.000928678
statius.thebaid.part.1.txt,epic,4508,132,34.15151515,0.303030303,6.45,0.000887311,0,0.000221828,0.103149956,0.000443656,0.018855368,0.001330967,0.004880213,0.000887311,0.007098492,0.002661934,0.000887311,0.001109139,0.015306122,0.031055901,0,0,0.000665484,0,0.001552795,0.007098492,0.000887311,0.001996451
statius.thebaid.part.10.txt,epic,6084,160,38.025,0.24375,6.022222222,0.00147929,0,0,0.115713346,0.000493097,0.018737673,0.000657462,0.003944773,0.003122945,0.006081525,0.006081525,0.000493097,0.000821828,0.014135437,0.036982249,0,0,0.000328731,0,0.002301118,0.004766601,0.000493097,0.001972387
statius.thebaid.part.11.txt,epic,5018,195,25.73333333,0.148717949,5.428571429,0.000996413,0,0.000398565,0.124153049,0.000597848,0.022120367,0.002989239,0.005779195,0.001394978,0.013750498,0.005779195,0.00079713,0.001195695,0.018134715,0.033878039,0,0,0.000199283,0,0.001793543,0.002789956,0.00079713,0.003188521
statius.thebaid.part.12.txt,epic,5284,164,32.2195122,0.274390244,5.794520548,0.000946253,0,0,0.120741862,0.000757002,0.018357305,0.000946253,0.004352763,0.002271007,0.009462528,0.00681302,0.000757002,0.000378501,0.016464799,0.031794095,0.000189251,0,0.000189251,0,0.002081756,0.005299016,0.001514005,0.00340651
statius.thebaid.part.2.txt,epic,4730,141,33.54609929,0.290780142,7.742424242,0.001479915,0,0,0.113742072,0.000422833,0.021775899,0.000634249,0.00422833,0.001479915,0.002959831,0.003382664,0,0.001268499,0.01564482,0.036363636,0,0,0.000422833,0,0.002325581,0.006342495,0.000422833,0.002325581
statius.thebaid.part.3.txt,epic,4659,145,32.12413793,0.24137931,5.235294118,0.000858553,0,0,0.116119339,0.000858553,0.022322387,0.001931745,0.004292767,0.001073192,0.008585533,0.004078128,0.00128783,0.001717107,0.023824855,0.034556772,0,0,0.000429277,0,0.001502468,0.00386349,0.000214638,0.002790298
statius.thebaid.part.4.txt,epic,5375,187,28.74331551,0.262032086,5.835820896,0.001302326,0,0,0.121860465,0.000930233,0.021767442,0.001116279,0.002790698,0.002232558,0.003534884,0.004651163,0.00055814,0.001302326,0.014697674,0.032744186,0.000186047,0,0,0,0.000372093,0.004093023,0.000930233,0.000744186
statius.thebaid.part.5.txt,epic,4960,142,34.92957746,0.246478873,6.333333333,0.00141129,0,0.000201613,0.121169355,0.000806452,0.017137097,0.002217742,0.003225806,0.00141129,0.006854839,0.003427419,0.000403226,0.002620968,0.012903226,0.03891129,0,0,0.000806452,0,0.00141129,0.003629032,0.000201613,0.003427419
statius.thebaid.part.6.txt,epic,5987,176,34.01704545,0.204545455,5.979166667,0.002672457,0,0.000501086,0.120093536,0.001336228,0.02087857,0.001670286,0.003674628,0.002004343,0.002171371,0.005511943,0.000334057,0.000835143,0.008351428,0.035075998,0,0,0.000167029,0,0.002505428,0.0046768,0.001002171,0.002004343
statius.thebaid.part.7.txt,epic,5331,159,33.52830189,0.257861635,6.2,0.001313074,0,0,0.119114613,0.000562746,0.019883699,0.001313074,0.002813731,0.001125492,0.008628775,0.005815044,0.001125492,0.001125492,0.012943163,0.032826862,0,0,0.000375164,0,0.001313074,0.006190208,0.001125492,0.001313074
statius.thebaid.part.8.txt,epic,4992,161,31.00621118,0.242236025,5.690909091,0.001402244,0,0.000600962,0.121594551,0.001001603,0.020633013,0.001201923,0.003004808,0.002604167,0.009415064,0.004607372,0.001001603,0.001402244,0.015424679,0.032051282,0,0,0.000801282,0,0.002003205,0.003605769,0.001001603,0.001402244
statius.thebaid.part.9.txt,epic,5875,166,35.39156627,0.295180723,7.14516129,0.001702128,0,0.000170213,0.119319149,0.001021277,0.024340426,0.001702128,0.003914894,0.001531915,0.008680851,0.005276596,0.000170213,0.001191489,0.016680851,0.035234043,0,0,0.000510638,0,0.003234043,0.003574468,0.000680851,0.001702128
terence.adelphi.txt,drama,8177,1067,7.660731022,0.11715089,4.975460123,0.001956708,0,0,0.063715299,0.000978354,0.070074599,0.001834414,0.004647181,0.004524887,0.038767274,0.005503241,0.007337654,0.003301944,0.065427418,0.035832212,0.000122294,0.000244588,0.001100648,0,0.00403571,0.012351718,0.001467531,0.009416656
terence.andria.txt,drama,8180,1184,6.907939189,0.123310811,5.226190476,0.002689487,0,0.000122249,0.067726161,0.001344743,0.068704156,0.002200489,0.004400978,0.005501222,0.044865526,0.004645477,0.005378973,0.002933985,0.071882641,0.037775061,0.000366748,0.000611247,0.001344743,0.000122249,0.005256724,0.013569682,0.000855746,0.014792176
terence.eunuchus.txt,drama,8987,1342,6.694485842,0.125931446,4.829145729,0.003560699,0,0,0.06665183,0.001669078,0.069322355,0.002336709,0.00300434,0.006342495,0.051185045,0.00422833,0.00845666,0.002002893,0.072883053,0.033159007,0.000111272,0.00122399,0.00122399,0,0.004784689,0.011127184,0.000556359,0.011460999
terence.heautontimorumenos.txt,drama,8822,1131,7.802829355,0.167108753,4.641350211,0.00306053,0,0.000226706,0.068011789,0.000566765,0.066084788,0.002833825,0.004647472,0.007141238,0.038426661,0.002947178,0.008161415,0.000906824,0.074699615,0.035819542,0,0.000680118,0.001700295,0,0.005100884,0.012808887,0.000453412,0.014509182
terence.hecyra.txt,drama,7394,710,10.41267606,0.232394366,5.379310345,0.003651609,0.00027049,0.000135245,0.073843657,0.001217203,0.065052745,0.001622938,0.004057344,0.007032729,0.025020287,0.004598323,0.004057344,0.001081958,0.073167433,0.039626724,0.000540979,0.000135245,0.001487693,0,0.00622126,0.012172031,0.000540979,0.016770354
terence.phormio.txt,drama,8535,1162,7.34595525,0.15404475,4.604651163,0.002811951,0,0.000234329,0.065026362,0.000937317,0.066315173,0.002108963,0.005858231,0.006326889,0.043233743,0.003983597,0.005741066,0.001640305,0.067721148,0.032454599,0.000585823,0.000702988,0.001640305,0,0.004217926,0.013473931,0.001757469,0.014762742
tibullus.elegies.txt,elegy,12395,674,18.34421365,0.225519288,5.786516854,0.002016942,0,0.000403388,0.095845099,0.002258975,0.023638564,0.002258975,0.004598628,0.003227108,0.004840662,0.005163372,0.000403388,0.001210165,0.041306979,0.032351755,8.07E-05,0.000161355,0.000968132,0,0.002501008,0.009600645,0.000645422,0.004759984
valerius_flaccus.argonautica.part.1.txt,epic,5617,307,18.27361564,0.241042345,8.333333333,0.002136372,0,0.000356062,0.123197436,0.00178031,0.017090974,0.001068186,0.002492434,0.000712124,0.003916682,0.003026527,0.000356062,0.001602279,0.022965996,0.037920598,0,0,0.001068186,0,0.002492434,0.004450774,0.000356062,0.003026527
valerius_flaccus.argonautica.part.2.txt,epic,4391,260,16.88461538,0.184615385,7.854545455,0.002049647,0,0,0.125711683,0.000683216,0.019585516,0.001821908,0.00159417,0.002049647,0.003871555,0.005693464,0.000227739,0.002277386,0.015486222,0.032111136,0,0.000227739,0.000455477,0,0.002505124,0.001366431,0.000455477,0.00478251
valerius_flaccus.argonautica.part.3.txt,epic,4872,294,16.57142857,0.176870748,6.451612903,0.001231527,0,0,0.120073892,0.001642036,0.016009852,0.001231527,0.0022578,0.000615764,0.005336617,0.003694581,0.000615764,0.000205255,0.015599343,0.032635468,0,0,0.000410509,0,0.003284072,0.002052545,0.000615764,0.002873563
valerius_flaccus.argonautica.part.4.txt,epic,5114,309,16.52427184,0.165048544,6.879310345,0.000782167,0,0.000391083,0.11849824,0.001564333,0.019945248,0.00117325,0.003128666,0.002933125,0.00586625,0.006257333,0.000782167,0.002150958,0.018380915,0.034219789,0,0,0.000586625,0,0.002150958,0.002150958,0.000782167,0.001955417
valerius_flaccus.argonautica.part.5.txt,epic,4675,301,15.52491694,0.202657807,6.985507246,0.002139037,0,0.000641711,0.107593583,0.000641711,0.023529412,0.001497326,0.00342246,0.001925134,0.00684492,0.004491979,0.001069519,0.000427807,0.022887701,0.034010695,0.000213904,0,0.001925134,0,0.004064171,0.004705882,0.001069519,0.004491979
valerius_flaccus.argonautica.part.6.txt,epic,4960,280,17.70714286,0.203571429,7.588235294,0.001814516,0,0.001209677,0.123790323,0.000403226,0.020564516,0.001209677,0.002217742,0.002419355,0.003225806,0.00483871,0.000201613,0.000403226,0.012096774,0.039516129,0.000201613,0,0.000806452,0,0.002217742,0.002016129,0.000403226,0.003024194
valerius_flaccus.argonautica.part.7.txt,epic,4473,258,17.33333333,0.209302326,7.98245614,0.002235636,0,0.0024592,0.118935837,0.001117818,0.025486251,0.000894254,0.002235636,0.002682763,0.01117818,0.012072435,0.001341382,0.001117818,0.039123631,0.04091214,0,0,0.001117818,0,0.006036217,0.005812654,0.001341382,0.005141963
valerius_flaccus.argonautica.part.8.txt,epic,3172,185,17.12972973,0.140540541,5.566666667,0.004098361,0,0.000945776,0.119167718,0.000945776,0.02112232,0,0.003467844,0.001576293,0.009142497,0.007881463,0.001261034,0.00220681,0.030895334,0.040037831,0,0,0.000945776,0,0.005044136,0.001891551,0.001261034,0.00220681
vergil.aeneid.part.1.txt,epic,4887,238,20.5210084,0.306722689,5.04494382,0.002046245,0,0.000613874,0.121751586,0.001227747,0.019439329,0.002046245,0.00225087,0.001227747,0.005524862,0.003273992,0,0.002864743,0.019643953,0.040106405,0.000204625,0,0.000204625,0,0.004297115,0.00409249,0.001227747,0.002455494
vergil.aeneid.part.10.txt,epic,5899,331,17.82175227,0.238670695,5.747368421,0.001186642,0,0.001356162,0.110527208,0.000847601,0.022376674,0.002542804,0.003051365,0.002203763,0.007628412,0.004068486,0.001017122,0.001525682,0.018986269,0.0393287,0,0,0.000678081,0,0.004916087,0.002203763,0.001525682,0.003051365
vergil.aeneid.part.11.txt,epic,5916,303,19.52145215,0.227722772,6.555555556,0.002028398,0,0.000507099,0.11933739,0.001014199,0.021129141,0.001183232,0.003380663,0.001352265,0.004732928,0.005070994,0.001014199,0.002197431,0.019607843,0.048343475,0.000169033,0,0.000507099,0,0.005578093,0.00540906,0.000676133,0.003549696
vergil.aeneid.part.12.txt,epic,6200,303,20.45544554,0.207920792,6.6,0.002419355,0,0.001129032,0.114354839,0.001290323,0.022419355,0.000967742,0.001612903,0.001451613,0.006451613,0.00516129,0.000645161,0.001612903,0.021935484,0.042903226,0,0,0,0,0.005322581,0.002741935,0.000483871,0.004516129
vergil.aeneid.part.2.txt,epic,5188,269,19.26022305,0.24535316,5.217948718,0.001349268,0,0.000192753,0.127602159,0.001349268,0.021010023,0.000963763,0.00385505,0.000963763,0.00693909,0.005589823,0.000578258,0.001734773,0.020046261,0.047995374,0,0,0.000192753,0,0.004433308,0.007131843,0.00154202,0.00231303
vergil.aeneid.part.3.txt,epic,4536,236,19.19915254,0.211864407,5.35,0.001102293,0,0.000220459,0.119488536,0.000881834,0.017857143,0.000440917,0.004409171,0.00308642,0.004409171,0.002425044,0,0.00154321,0.01829806,0.038800705,0,0,0.000440917,0,0.002204586,0.002645503,0.000881834,0.000661376
vergil.aeneid.part.4.txt,epic,4580,252,18.14285714,0.23015873,5.217391304,0.001746725,0,0.000218341,0.122489083,0.001310044,0.022052402,0.001965066,0.00371179,0.002838428,0.012008734,0.004366812,0.000655022,0.000655022,0.026200873,0.03580786,0,0,0.000655022,0,0.005895197,0.005676856,0.001091703,0.001310044
vergil.aeneid.part.5.txt,epic,5561,275,20.21454545,0.258181818,5.265306122,0.001618414,0,0,0.11580651,0.000719295,0.021219205,0.000899119,0.001798238,0.000539471,0.004495594,0.007192951,0.000359648,0.000899119,0.015105197,0.043157705,0,0,0.000179824,0,0.004495594,0.004315771,0.000719295,0.001258766
vergil.aeneid.part.6.txt,epic,5857,322,18.17080745,0.288819876,5.560344828,0.001707359,0,0.000512208,0.113368619,0.000341472,0.024927437,0.001195151,0.003756189,0.00290251,0.005975756,0.003073246,0.000170736,0.00204883,0.021000512,0.044562062,0.000170736,0,0.000853679,0,0.003926925,0.004439133,0.000853679,0.002390302
vergil.aeneid.part.7.txt,epic,5214,224,23.27232143,0.258928571,7.402597403,0.000958957,0,0.000767165,0.113540468,0.000767165,0.020521672,0.000958957,0.002301496,0.001917913,0.001917913,0.005370157,0,0.000958957,0.015535098,0.046029919,0,0,0.000958957,0,0.003835827,0.00287687,0.000575374,0.001917913
vergil.aeneid.part.8.txt,epic,4629,235,19.69787234,0.225531915,6.863636364,0.001728235,0,0,0.11860013,0.001080147,0.022034997,0.001080147,0.003024411,0.002160294,0.001512206,0.004104558,0,0.002160294,0.020306762,0.039317347,0,0,0.000432059,0,0.004104558,0.002808382,0.001080147,0.004104558
vergil.aeneid.part.9.txt,epic,5308,278,19.09352518,0.273381295,6.0625,0.000941974,0,0.000565185,0.114920874,0.001695554,0.019216277,0.000941974,0.002637528,0.001507159,0.006782216,0.004144687,0.001130369,0.001883949,0.020158252,0.044084401,0,0,0.00037679,0,0.005086662,0.002260739,0.000941974,0.000941974
vergil.eclogues.txt,miscellaneous,5722,335,16.80895522,0.232835821,4.816326531,0.001572877,0,0.001048584,0.086857742,0.001922405,0.026738902,0.003145753,0.002621461,0.002796225,0.007864383,0.008213911,0.001048584,0.003145753,0.048584411,0.034253757,0,0,0.000349528,0,0.002796225,0.008738203,0.000524292,0.005417686
vergil.georgics.part.1.txt,epic,3305,120,27.50833333,0.258333333,6.934782609,0.002420575,0,0.000605144,0.122239032,0.00332829,0.012405446,0.000907716,0.005143722,0.00332829,0,0.003025719,0,0.000907716,0.014826021,0.035400908,0,0.000605144,0,0,0.005143722,0.007261725,0.001815431,0.002420575
vergil.georgics.part.2.txt,epic,3514,137,25.64963504,0.284671533,6.288461538,0.00426864,0,0.000569152,0.138588503,0.000569152,0.015651679,0.000853728,0.007683552,0.002276608,0.00142288,0.004837792,0,0.002276608,0.013659647,0.03614115,0,0,0.000853728,0,0.005406944,0.004837792,0.001707456,0.002276608
vergil.georgics.part.3.txt,epic,3701,151,24.50993377,0.21192053,7.461538462,0.001621183,0,0.000810592,0.142934342,0.001621183,0.011888679,0.00297217,0.003512564,0.002431775,0.002701972,0.004593353,0,0,0.00783572,0.047284518,0.000270197,0,0.000270197,0,0.001350986,0.004052959,0.000540394,0.001350986
vergil.georgics.part.4.txt,epic,3632,143,25.3986014,0.251748252,7.0625,0.003303965,0,0.000550661,0.127753304,0.001101322,0.02064978,0.001101322,0.004955947,0.001376652,0.003028634,0.009085903,0,0.00027533,0.016519824,0.046530837,0,0.00027533,0.000550661,0,0.006057269,0.004955947,0.000825991,0.003303965