,Author,Work,Genre,File Name,word_count,sentence_count,sentence_length,fraction_sentence_relative,relative_clause_length,alius,antequam,atque_consonant,conjunction,cum_clause,demonstrative,dum,gerundive,idem,interrogative,ipse,iste,o_interjection,personal,preposition,priusquam,quidam,quin,quominus,reflexive,si,superlative,ut
0,Augustine,Epistulae (1-10),epistolography,augustine.epistulae_1_10.part.1.txt,4791,270,17.72222222222222,0.4740740740740741,5.107476635514018,22,2,15,524,30,215,3,65,15,63,27,21,3,207,249,3,17,0,0,26,58,37,68
1,Augustine,Epistulae (11-20),epistolography,augustine.epistulae_11_20.part.2.txt,4815,195,24.682051282051283,0.6256410256410256,5.363636363636363,10,0,9,552,20,184,2,59,18,22,37,14,1,212,278,0,21,0,0,13,84,29,66
2,Augustine,Epistulae (21-30),epistolography,augustine.epistulae_21_30.part.3.txt,13013,476,27.34243697478992,0.5819327731092437,6.191489361702128,27,3,17,1449,40,432,8,135,45,61,81,28,7,616,767,1,10,2,0,39,173,66,165
3,Augustine,Epistulae (31-40),epistolography,augustine.epistulae_31_40.part.4.txt,14078,615,22.86829268292683,0.5577235772357724,5.590509666080844,46,1,18,1498,44,549,8,152,68,71,110,61,5,435,829,0,15,0,1,56,185,65,190
4,Augustine,Epistulae (41-50),epistolography,augustine.epistulae_41_50.part.5.txt,12367,456,27.114035087719294,0.6293859649122807,5.595978062157221,46,5,12,1324,45,553,7,104,63,60,123,29,5,326,874,1,16,0,0,60,190,49,134
5,Augustine,Epistulae (51-62),epistolography,augustine.epistulae_51_62.part.6.txt,14067,445,31.604494382022477,0.6359550561797753,5.652951699463327,54,1,12,1587,55,580,8,150,52,38,117,50,1,317,1124,0,25,2,1,51,181,56,144
6,Cicero,Epistulae Ad Familiares,epistolography,cicero.epistulae_ad_familiares.part.1.ad_lentulum.txt,7370,206,35.762135922330096,0.7766990291262136,5.884146341463414,11,1,4,718,29,290,0,72,53,5,35,5,0,489,508,0,17,3,1,35,67,52,113
7,Cicero,Epistulae Ad Familiares,epistolography,cicero.epistulae_ad_familiares.part.2.ad_curionem_et_ceteros.txt,5548,255,21.75686274509804,0.5607843137254902,5.341085271317829,8,1,3,519,21,204,2,31,32,28,31,10,1,439,374,0,6,6,0,11,67,39,88
8,Cicero,Epistulae Ad Familiares,epistolography,cicero.epistulae_ad_familiares.part.3.ad_claudium_pulchrum.txt,6948,272,25.544117647058822,0.6323529411764706,5.882716049382716,8,4,5,596,45,248,4,59,43,39,38,15,0,591,481,1,11,4,3,15,97,58,105
9,Cicero,Epistulae Ad Familiares,epistolography,cicero.epistulae_ad_familiares.part.4.ad_sulpicium_et_ceteros.txt,6155,247,24.91902834008097,0.6477732793522267,5.3099041533546325,11,1,1,629,23,275,0,51,44,23,51,6,0,399,344,1,9,1,1,18,78,45,75
10,Cicero,Epistulae Ad Familiares,epistolography,cicero.epistulae_ad_familiares.part.5.ad_metellum_et_ceteros.txt,8364,319,26.21630094043887,0.6520376175548589,5.885941644562334,17,0,6,906,36,304,5,83,41,29,48,12,0,645,493,0,13,7,1,13,140,67,117
11,Cicero,Epistulae Ad Familiares,epistolography,cicero.epistulae_ad_familiares.part.6.ad_torquatum_et_ceteros.txt,7496,320,23.425,0.628125,6.014970059880239,11,0,9,797,35,316,3,60,43,15,47,8,0,484,401,0,5,12,1,16,108,46,94
12,Cicero,Epistulae Ad Familiares,epistolography,cicero.epistulae_ad_familiares.part.7.ad_marium_et_ceteros.txt,7375,415,17.771084337349397,0.5108433734939759,5.889589905362776,15,1,1,723,30,288,4,41,43,37,30,43,3,633,387,1,13,6,3,18,117,50,100
13,Cicero,Epistulae Ad Familiares,epistolography,cicero.epistulae_ad_familiares.part.8.caeli_epistulae_ad_ciceronem.txt,5879,304,19.335526315789476,0.5263157894736842,5.734375,16,0,1,474,17,280,6,42,34,19,10,15,0,304,359,1,5,5,2,29,87,20,73
14,Cicero,Epistulae Ad Familiares,epistolography,cicero.epistulae_ad_familiares.part.9.ad_varronem_et_ceteros.txt,7832,405,19.31851851851852,0.4592592592592592,5.259136212624584,14,2,4,817,37,344,7,58,51,62,41,29,3,549,416,1,6,5,0,17,125,36,116
15,Cicero,Epistulae Ad Familiares,epistolography,cicero.epistulae_ad_familiares.part.10.ad_plancum_et_ceteros.txt,10351,451,22.9490022172949,0.565410199556541,6.196560196560196,11,1,5,1022,28,319,7,81,49,19,48,10,3,593,644,2,8,4,1,47,136,79,127
16,Cicero,Epistulae Ad Familiares,epistolography,cicero.epistulae_ad_familiares.part.11.at_brutum_et_ceteros.txt,6589,348,18.933908045977013,0.5545977011494253,6.443298969072165,12,1,1,575,36,214,3,66,36,24,17,18,1,487,420,3,3,6,3,28,83,57,88
17,Cicero,Epistulae Ad Familiares,epistolography,cicero.epistulae_ad_familiares.part.12.ad_cassium_et_ceteros.txt,8101,406,19.948275862068964,0.5147783251231527,6.783699059561129,12,1,1,802,26,280,10,61,34,18,27,12,3,499,510,2,9,7,3,31,84,55,120
18,Cicero,Epistulae Ad Familiares,epistolography,cicero.epistulae_ad_familiares.part.13.ad_memmium_et_ceteros.txt,11220,441,25.4421768707483,0.562358276643991,6.540415704387991,10,1,8,1139,48,590,2,66,36,1,75,13,0,882,742,0,10,16,1,58,138,154,223
19,Cicero,Epistulae Ad Familiares,epistolography,cicero.epistulae_ad_familiares.part.14.ad_terentiam_uxorem.txt,2469,162,15.24074074074074,0.4259259259259259,5.65979381443299,3,0,1,263,11,75,0,16,11,12,7,8,2,218,118,0,0,0,1,6,58,30,43
20,Cicero,Epistulae Ad Familiares,epistolography,cicero.epistulae_ad_familiares.part.15.ad_senatum_et_ceteros.txt,7134,241,29.601659751037342,0.6348547717842323,6.938566552901024,15,1,11,689,39,248,0,55,30,10,29,6,1,482,504,0,6,2,1,20,78,67,108
21,Cicero,Epistulae Ad Familiares,epistolography,cicero.epistulae_ad_familiares.part.16.ad_tironem.txt,4326,304,14.223684210526317,0.3782894736842105,5.433333333333334,2,2,0,437,14,125,5,23,29,9,15,8,0,386,228,0,1,5,0,10,73,36,87
22,Cicero,Epistulae ad Atticum,epistolography,cicero.letters_to_atticus.part.1.txt,9417,534,17.623595505617978,0.4662921348314606,7.225714285714286,20,2,5,816,30,423,4,76,47,24,31,12,2,604,617,0,20,5,0,30,74,40,150
23,Cicero,Epistulae ad Atticum,epistolography,cicero.letters_to_atticus.part.2.txt,8750,594,14.718855218855218,0.3686868686868687,6.033333333333333,15,4,2,755,29,396,4,45,37,62,36,29,5,518,531,0,8,6,4,56,119,15,146
24,Cicero,Epistulae ad Atticum,epistolography,cicero.letters_to_atticus.part.3.txt,5363,292,18.366438356164384,0.5171232876712328,6.942477876106195,12,2,0,527,13,182,1,41,35,26,26,14,0,401,331,0,2,0,1,10,100,26,99
25,Cicero,Epistulae ad Atticum,epistolography,cicero.letters_to_atticus.part.4.txt,7165,550,13.025454545454544,0.3381818181818182,6.679012345679013,12,1,0,580,24,279,2,44,37,43,32,15,7,411,477,0,8,4,0,36,84,28,100
26,Cicero,Epistulae ad Atticum,epistolography,cicero.letters_to_atticus.part.5.txt,7250,564,12.847517730496454,0.3563829787234042,6.526970954356846,13,4,1,599,30,273,8,35,55,30,34,4,3,430,493,1,5,4,0,31,91,27,114
27,Cicero,Epistulae ad Atticum,epistolography,cicero.letters_to_atticus.part.6.txt,6637,517,12.818181818181818,0.3152804642166344,6.376237623762377,9,0,0,567,26,274,5,38,27,62,25,14,2,396,435,0,8,2,0,25,67,26,82
28,Cicero,Epistulae ad Atticum,epistolography,cicero.letters_to_atticus.part.7.txt,9139,677,13.485967503692764,0.3500738552437223,6.750809061488673,15,2,0,860,36,431,8,68,65,82,57,24,9,471,623,0,7,9,3,32,126,44,122
29,Cicero,Epistulae ad Atticum,epistolography,cicero.letters_to_atticus.part.8.txt,7819,464,16.838362068965516,0.4762931034482758,6.972136222910216,15,3,1,699,45,362,5,73,51,51,39,13,3,475,495,1,7,12,2,27,102,30,110
30,Cicero,Epistulae ad Atticum,epistolography,cicero.letters_to_atticus.part.9.txt,9263,642,14.425233644859814,0.3722741433021806,6.603174603174603,16,0,0,866,29,480,5,45,61,69,46,18,5,532,517,0,15,12,0,42,107,37,139
31,Cicero,Epistulae ad Atticum,epistolography,cicero.letters_to_atticus.part.10.txt,7430,568,13.068661971830986,0.3644366197183099,6.068100358422939,11,2,1,783,37,338,14,56,59,51,49,23,6,452,461,2,5,10,0,42,143,33,80
32,Cicero,Epistulae ad Atticum,epistolography,cicero.letters_to_atticus.part.11.txt,6940,504,13.765873015873016,0.5059523809523809,6.8408408408408405,17,0,1,622,13,368,3,47,47,21,38,23,2,434,485,1,8,7,4,33,114,27,112
33,Cicero,Epistulae ad Atticum,epistolography,cicero.letters_to_atticus.part.12.txt,8910,748,11.909090909090908,0.3796791443850267,5.693181818181818,17,3,0,998,25,366,8,79,56,57,55,33,5,589,564,0,14,5,0,14,187,14,149
34,Cicero,Epistulae ad Atticum,epistolography,cicero.letters_to_atticus.part.13.txt,9142,853,10.713950762016411,0.2895662368112544,6.039007092198582,15,3,0,978,21,434,2,57,65,81,41,40,10,584,624,1,15,5,1,41,158,19,138
35,Cicero,Epistulae ad Atticum,epistolography,cicero.letters_to_atticus.part.14.txt,6805,573,11.8760907504363,0.331588132635253,6.299559471365638,7,3,2,607,22,278,1,37,38,53,31,29,12,438,443,1,3,8,0,33,65,23,96
36,Cicero,Epistulae ad Atticum,epistolography,cicero.letters_to_atticus.part.15.txt,6570,612,10.72549019607843,0.3022875816993464,6.570093457943925,15,2,0,626,20,289,3,46,39,70,19,17,9,449,458,1,3,5,0,43,80,22,108
37,Cicero,Epistulae ad Atticum,epistolography,cicero.letters_to_atticus.part.16.txt,6785,578,11.737024221453288,0.3356401384083045,6.468354430379747,18,1,1,690,35,296,4,33,32,48,27,21,7,424,422,1,7,11,0,26,83,26,117
38,Cicero,Epistulae ad Brutum,epistolography,cicero.letters_to_brutus.txt,9560,486,19.64197530864197,0.5246913580246914,7.940860215053763,22,1,5,947,32,368,9,92,60,2,46,15,0,486,615,0,11,9,3,38,130,49,113
39,Cicero,Epistulae ad Quintum Fratrem,epistolography,cicero.letters_to_quintus.txt,18513,960,19.277083333333334,0.4614583333333333,7.303724928366762,27,2,1,1713,78,779,11,148,107,71,93,43,6,1095,1202,1,28,7,3,101,181,111,261
40,Jerome,"Epistulae selections (letters 1, 7, 14, 22, 38, 40, 43, 44, 45, 52, 54, 60, 77, 107, 117, 125, 127, 128 combined)",epistolography,jerome.epistulae.txt,289584,12739,22.66213988539132,0.51440458434728,5.602230825958702,1045,74,323,30668,585,9020,254,1643,1331,1554,1150,415,88,7349,21764,23,383,64,0,1267,2524,775,3093
41,Pliny the Younger,Epistulae,epistolography,pliny_the_younger.letters.part.1.txt,6321,393,16.071246819338423,0.4783715012722646,5.25,28,2,0,677,21,225,5,70,46,26,52,13,4,234,277,0,16,4,0,12,67,43,101
42,Pliny the Younger,Epistulae,epistolography,pliny_the_younger.letters.part.2.txt,6369,382,16.672774869109947,0.468586387434555,5.692622950819672,30,1,0,630,18,221,3,64,35,24,37,11,0,171,298,0,13,2,1,12,61,61,74
43,Pliny the Younger,Epistulae,epistolography,pliny_the_younger.letters.part.3.txt,6670,383,17.41514360313316,0.4360313315926893,5.616071428571429,21,1,1,649,32,220,7,46,53,34,38,6,0,192,332,0,20,5,0,20,63,56,92
44,Pliny the Younger,Epistulae,epistolography,pliny_the_younger.letters.part.4.txt,6284,422,14.890995260663509,0.424170616113744,5.475409836065574,18,1,1,593,28,214,4,41,31,38,50,11,1,205,312,0,14,3,1,18,55,60,92
45,Pliny the Younger,Epistulae,epistolography,pliny_the_younger.letters.part.5.txt,6007,371,16.191374663072775,0.4528301886792453,5.35064935064935,32,1,0,596,10,187,7,37,40,15,36,6,2,193,294,2,7,3,0,25,54,53,79
46,Pliny the Younger,Epistulae,epistolography,pliny_the_younger.letters.part.6.txt,6829,450,15.171111111111111,0.3955555555555555,5.555555555555555,22,1,1,712,22,216,6,55,44,26,40,4,3,247,296,0,12,2,4,28,56,61,103
47,Pliny the Younger,Epistulae,epistolography,pliny_the_younger.letters.part.7.txt,6197,421,14.719714964370546,0.3657957244655582,5.158139534883721,15,0,1,649,16,189,8,54,42,38,38,13,3,255,271,0,11,8,0,22,63,55,95
48,Pliny the Younger,Epistulae,epistolography,pliny_the_younger.letters.part.8.txt,6188,359,17.23676880222841,0.532033426183844,5.4784172661870505,23,4,1,604,14,214,7,71,45,39,43,8,1,133,291,0,19,2,0,25,51,55,98
49,Pliny the Younger,Epistulae,epistolography,pliny_the_younger.letters.part.9.txt,6420,405,15.846913580246914,0.4567901234567901,5.256603773584906,26,0,0,637,22,224,11,64,32,34,40,10,0,235,304,0,18,0,3,22,63,73,86
50,Pliny the Younger,Epistulae,epistolography,pliny_the_younger.letters.part.10.txt,9872,455,21.69010989010989,0.643956043956044,5.60377358490566,24,2,1,863,40,354,12,136,76,2,45,16,0,368,655,0,18,2,2,36,66,101,124
51,Seneca the Younger,Epistulae ad Lucilium (1-10),epistolography,seneca.ad_lucilium_epistulae_morales.part.1.1-10.txt,5110,393,12.994910941475826,0.3791348600508906,4.5,18,0,0,456,20,218,8,52,31,51,35,26,0,196,240,0,14,0,0,46,49,16,51
52,Seneca the Younger,Epistulae ad Lucilium (11-20),epistolography,seneca.ad_lucilium_epistulae_morales.part.2.11-20.txt,7161,552,12.971014492753625,0.3333333333333333,4.904761904761905,25,1,1,726,16,302,3,82,32,83,27,34,3,261,398,1,13,0,0,46,89,16,60
53,Seneca the Younger,Epistulae ad Lucilium (21-30),epistolography,seneca.ad_lucilium_epistulae_morales.part.3.21-30.txt,7081,521,13.591170825335892,0.3800383877159309,4.1063829787234045,38,2,0,629,34,321,10,102,36,69,48,40,1,265,354,0,12,1,1,38,89,15,69
54,Seneca the Younger,Epistulae ad Lucilium (31-40),epistolography,seneca.ad_lucilium_epistulae_morales.part.4.31-40.txt,4221,336,12.5625,0.375,4.3563829787234045,17,0,1,435,8,195,2,45,18,52,15,32,1,148,205,0,5,2,1,36,54,14,31
55,Seneca the Younger,Epistulae ad Lucilium (41-50),epistolography,seneca.ad_lucilium_epistulae_morales.part.5.41-50.txt,5501,433,12.699769053117782,0.3325635103926097,4.372093023255814,35,1,2,469,12,268,8,35,28,68,30,38,3,221,302,0,14,0,2,26,72,18,46
56,Seneca the Younger,Epistulae ad Lucilium (51-60),epistolography,seneca.ad_lucilium_epistulae_morales.part.6.51-60.txt,7741,572,13.533216783216783,0.3741258741258741,4.47766323024055,18,4,1,749,27,327,13,57,36,83,31,21,3,255,391,0,36,1,0,55,85,36,70
57,Seneca the Younger,Epistulae ad Lucilium (61-70),epistolography,seneca.ad_lucilium_epistulae_morales.part.7.61-70.txt,9181,708,12.966101694915254,0.3587570621468927,4.629411764705883,41,0,0,891,21,411,6,78,40,100,32,31,5,250,514,0,22,4,0,64,96,42,73
58,Seneca the Younger,Epistulae ad Lucilium (71-80),epistolography,seneca.ad_lucilium_epistulae_morales.part.8.71-80.txt,12747,920,13.855434782608697,0.375,4.715447154471545,54,3,0,1345,26,563,8,116,60,129,81,33,5,317,651,0,23,0,1,83,203,31,77
59,Seneca the Younger,Epistulae ad Lucilium (81-90),epistolography,seneca.ad_lucilium_epistulae_morales.part.9.81-90.txt,18235,1308,13.940366972477063,0.3891437308868501,4.702158273381295,85,7,3,1783,38,750,17,154,88,191,75,74,8,336,1037,0,34,5,1,109,200,77,130
60,Seneca the Younger,Epistulae ad Lucilium (91-100),epistolography,seneca.ad_lucilium_epistulae_morales.part.10.91-100.txt,17046,1200,14.195833333333333,0.3716666666666666,4.5220949263502455,77,3,3,1722,29,737,9,184,88,188,90,72,3,348,946,0,32,0,3,121,202,69,112
61,Seneca the Younger,Epistulae ad Lucilium (101-110),epistolography,seneca.ad_lucilium_epistulae_morales.part.11.101-110.txt,10355,734,14.099455040871934,0.3610354223433242,4.646239554317549,64,5,1,1069,28,397,11,87,48,122,45,53,5,291,499,0,27,1,0,79,133,40,86
62,Seneca the Younger,Epistulae ad Lucilium (111-120),epistolography,seneca.ad_lucilium_epistulae_morales.part.12.111-120.txt,10735,809,13.26452410383189,0.3250927070457354,4.479674796747967,84,2,2,1078,24,480,11,66,30,133,45,51,5,307,499,0,30,2,5,86,129,18,94
63,Seneca the Younger,Epistulae ad Lucilium (121-124),epistolography,seneca.ad_lucilium_epistulae_morales.part.13.121-124.txt,4748,348,13.64367816091954,0.3706896551724138,4.650887573964497,26,1,0,448,12,212,5,42,20,58,13,14,0,120,265,0,10,0,0,54,49,12,25
64,Ammianus,Rerum Gestarum,historiography,ammianus.rerum_gestarum.part.14.txt,8221,269,30.50557620817844,0.6059479553903345,5.661016949152542,27,1,11,719,29,230,9,77,41,2,12,1,0,60,527,0,47,1,0,38,31,19,108
65,Ammianus,Rerum Gestarum,historiography,ammianus.rerum_gestarum.part.15.txt,6872,247,27.74089068825911,0.4817813765182186,5.647398843930636,25,3,2,576,15,183,12,76,23,0,19,0,0,58,434,0,22,0,0,37,19,21,105
66,Ammianus,Rerum Gestarum,historiography,ammianus.rerum_gestarum.part.16.txt,7676,243,31.448559670781894,0.5473251028806584,5.472222222222222,25,2,2,673,25,182,10,102,27,4,22,2,1,79,470,0,40,1,0,54,27,24,95
67,Ammianus,Rerum Gestarum,historiography,ammianus.rerum_gestarum.part.17.txt,7396,266,27.75563909774436,0.5037593984962406,5.323076923076923,20,2,4,641,12,154,12,81,36,2,19,0,0,65,400,0,18,0,0,39,27,21,93
68,Ammianus,Rerum Gestarum,historiography,ammianus.rerum_gestarum.part.18.txt,5042,152,33.13157894736842,0.5789473684210527,5.231343283582089,11,0,2,423,19,111,18,50,31,4,14,0,0,50,318,0,16,2,0,16,17,33,55
69,Ammianus,Rerum Gestarum,historiography,ammianus.rerum_gestarum.part.19.txt,5710,174,32.7816091954023,0.5344827586206896,5.6938775510204085,29,2,1,464,13,86,13,61,22,0,12,0,0,38,360,1,22,0,1,15,17,18,71
70,Ammianus,Rerum Gestarum,historiography,ammianus.rerum_gestarum.part.20.txt,6488,222,29.17117117117117,0.5720720720720721,5.087431693989071,17,2,5,592,33,137,12,54,39,0,18,0,0,52,360,0,17,0,0,27,21,25,70
71,Ammianus,Rerum Gestarum,historiography,ammianus.rerum_gestarum.part.21.txt,7146,250,28.5,0.528,5.331632653061225,29,4,2,683,21,191,13,98,33,2,16,0,0,66,434,0,25,4,0,47,28,26,103
72,Ammianus,Rerum Gestarum,historiography,ammianus.rerum_gestarum.part.22.txt,8920,303,29.353135313531357,0.6336633663366337,6.034602076124568,36,2,3,788,22,234,11,78,41,3,26,0,3,58,598,0,37,4,0,40,24,31,97
73,Ammianus,Rerum Gestarum,historiography,ammianus.rerum_gestarum.part.23.txt,6843,269,25.394052044609666,0.5576208178438662,6.0772946859903385,28,4,5,685,14,191,5,54,26,0,29,0,0,39,408,0,18,0,0,20,22,44,78
74,Ammianus,Rerum Gestarum,historiography,ammianus.rerum_gestarum.part.24.txt,5786,208,27.778846153846157,0.5336538461538461,5.575,26,1,3,455,21,93,9,49,18,0,22,1,0,53,311,0,16,1,0,33,13,30,58
75,Ammianus,Rerum Gestarum,historiography,ammianus.rerum_gestarum.part.25.txt,6813,237,28.717299578059077,0.5611814345991561,5.089005235602095,22,2,4,585,22,156,18,72,26,2,21,2,1,52,428,0,32,0,0,28,30,27,91
76,Ammianus,Rerum Gestarum,historiography,ammianus.rerum_gestarum.part.26.txt,6323,194,32.54123711340206,0.5515463917525774,4.946745562130178,18,1,7,513,12,141,8,75,35,0,17,0,0,47,419,0,34,1,1,38,22,34,84
77,Ammianus,Rerum Gestarum,historiography,ammianus.rerum_gestarum.part.27.txt,6282,216,29.03240740740741,0.6203703703703703,5.303664921465969,21,4,1,548,19,157,9,76,26,3,18,0,0,50,386,0,18,0,0,33,25,28,75
78,Ammianus,Rerum Gestarum,historiography,ammianus.rerum_gestarum.part.28.txt,7162,245,29.175510204081636,0.563265306122449,5.494736842105263,28,3,5,618,21,207,13,79,38,2,24,0,0,52,476,0,46,2,0,46,31,26,129
79,Ammianus,Rerum Gestarum,historiography,ammianus.rerum_gestarum.part.29.txt,7697,236,32.54661016949152,0.690677966101695,5.190082644628099,24,1,6,595,23,177,14,84,36,3,40,1,1,52,500,0,34,1,0,39,28,27,96
80,Ammianus,Rerum Gestarum,historiography,ammianus.rerum_gestarum.part.30.txt,6066,178,34.02808988764045,0.6629213483146067,5.2368421052631575,18,2,7,511,24,184,6,81,22,0,24,0,0,44,379,0,24,0,0,33,33,19,94
81,Augustus Caesar,Res Gestae Divi Augusti,historiography,ammianus.rerum_gestarum.part.31.txt,9603,334,28.736526946107784,0.5029940119760479,5.481781376518219,34,1,8,878,13,188,17,116,50,0,34,0,0,60,585,0,28,0,0,52,26,22,105
82,Julius Caesar,De Bello Civili,historiography,caesar_augustus.res_gestae_divi_augusti.txt,2613,109,23.972477064220183,0.5871559633027523,8.9,4,0,0,229,8,53,0,14,9,0,3,0,0,41,230,1,0,0,0,1,2,2,6
83,Julius Caesar,De Bello Civili,historiography,caesar.de_bello_civili.part.1.txt,10903,526,20.724334600760457,0.4638783269961977,6.556818181818182,23,0,5,938,18,389,8,87,65,6,46,0,0,175,891,2,2,4,2,168,51,35,103
84,Julius Caesar,De Bello Civili,historiography,caesar.de_bello_civili.part.2.txt,6398,314,20.356687898089174,0.4745222929936306,6.426470588235294,15,0,4,544,9,214,3,46,39,25,24,0,0,125,501,2,7,7,2,86,19,20,63
85,Julius Caesar,De Bello Gallico,historiography,caesar.de_bello_civili.part.3.txt,15059,632,23.803797468354432,0.5158227848101266,6.426724137931035,27,1,4,1365,61,591,3,134,94,3,55,0,0,195,1178,4,23,6,1,163,52,42,155
86,Julius Caesar,De Bello Gallico,historiography,caesar.de_bello_gallico.part.1.txt,8173,316,25.860759493670887,0.6139240506329114,7.087349397590361,12,0,3,625,22,385,5,56,51,9,48,0,0,182,646,1,2,7,2,173,63,41,74
87,Julius Caesar,De Bello Gallico,historiography,caesar.de_bello_gallico.part.2.txt,4157,139,29.906474820143885,0.6187050359712231,7.722222222222222,12,0,2,328,20,156,0,36,19,1,15,0,0,75,386,2,1,2,0,59,15,19,39
88,Julius Caesar,De Bello Gallico,historiography,caesar.de_bello_gallico.part.3.txt,3587,121,29.644628099173552,0.6611570247933884,7.069230769230769,10,0,1,305,18,135,1,43,20,0,9,0,0,52,269,1,1,3,0,44,13,9,26
89,Julius Caesar,De Bello Gallico,historiography,caesar.de_bello_gallico.part.4.txt,4581,163,28.0920245398773,0.6993865030674846,7.594736842105263,7,0,5,372,16,202,5,54,21,1,13,0,0,94,396,2,1,2,1,83,24,18,32
90,Julius Caesar,De Bello Gallico,historiography,caesar.de_bello_gallico.part.5.txt,7378,299,24.67558528428094,0.4983277591973244,6.907488986784141,12,0,3,583,23,312,4,74,32,5,26,0,0,120,656,2,5,3,0,101,37,26,63
91,Julius Caesar,De Bello Gallico,historiography,caesar.de_bello_gallico.part.6.txt,5470,239,22.87866108786611,0.5104602510460251,6.505434782608695,14,0,3,482,13,229,1,37,43,1,19,0,0,84,466,2,3,1,0,76,28,15,51
92,Julius Caesar,De Bello Gallico,historiography,caesar.de_bello_gallico.part.7.txt,11477,501,22.90818363273453,0.5508982035928144,7.00498753117207,22,0,2,827,32,394,10,117,90,10,59,1,0,161,898,4,4,7,1,130,61,26,97
93,Julius Caesar,De Bello Gallico,historiography,caesar.de_bello_gallico.part.8.txt,6478,247,26.22672064777328,0.6032388663967612,6.8063241106719365,2,0,1,465,37,144,3,84,49,0,35,0,0,89,438,0,5,3,1,63,36,28,41
94,Curtius Rufus,Historiae Alexandri Magni,historiography,curtius_rufus.historiae_alexandri_magni.txt,74943,4145,17.911942098914356,0.4658624849215922,4.7889908256880735,277,13,10,6088,187,1984,66,406,449,178,533,25,4,1162,4271,8,76,23,6,565,379,166,581
95,Florus,Epitomae De Tito Livio Bellorum Omnium Annorum DCC,historiography,florus.epitome_bellorum_omnium_annorum.txt,26484,1465,17.980204778156995,0.2962457337883959,5.661710037174721,50,0,76,2492,99,618,31,92,98,69,228,3,9,190,1709,2,54,6,1,161,138,97,239
96,Livy,Ab Urbe Condita (Books 1-10),historiography,livy.ab_urbe_condita.part.1.books_1-10.txt,159553,6995,22.75968548963545,0.4240171551107934,5.736854571293226,593,14,35,12572,559,3912,109,1582,915,455,683,53,1,2256,11070,72,136,72,19,1356,991,201,1389
97,Livy,Ab Urbe Condita (Books 21-30),historiography,livy.ab_urbe_condita.part.2.books_21-30.txt,153453,6035,25.34614747307373,0.459983429991715,5.692894025079911,564,13,25,13195,566,3815,114,1709,801,205,825,20,0,1834,11938,85,144,35,15,1139,818,174,1363
98,Livy,Ab Urbe Condita (Books 31-40),historiography,livy.ab_urbe_condita.part.3.books_31-40.txt,137210,5863,23.331400307010064,0.4470407641139348,5.491747445637936,511,8,11,11063,545,3865,90,1406,840,278,729,31,0,1825,10518,81,124,44,14,1091,813,148,1192
99,Livy,Ab Urbe Condita (Books 41-45),historiography,livy.ab_urbe_condita.part.4.books_41-45.txt,56384,2543,22.08218639402281,0.4659850570192685,5.369640787949015,224,5,5,4167,214,1540,29,581,304,99,275,4,0,716,4356,20,52,7,4,471,271,53,485
100,Nepos,Vitae,historiography,nepos.vitae.txt,28389,1415,20.062190812720846,0.5872791519434629,5.5528,39,0,14,2305,189,1601,12,173,193,6,106,5,1,421,1874,13,28,12,3,338,198,97,378
101,Sallust,Catilina,historiography,sallust.catilina.txt,10688,495,21.56767676767677,0.5070707070707071,5.741935483870968,88,1,97,967,1,382,11,66,39,23,41,3,1,199,685,4,7,4,4,77,66,6,28
102,Sallust,Historiae,historiography,sallust.histories.txt,4061,193,21.02072538860104,0.5129533678756477,5.827338129496403,18,0,5,457,1,94,3,22,12,30,8,3,1,129,238,1,1,5,0,10,47,0,14
103,Sallust,Jugurtha,historiography,sallust.jugurtha.txt,21287,941,22.597236981934117,0.5154091392136025,5.773006134969325,173,1,70,2132,5,628,12,96,106,22,83,0,1,403,1340,5,7,4,1,183,122,2,45
104,Scriptores Historiae Augustae,Historia Augusta (Books 1-5),historiography,scriptores_historiae_augustae.historia_augusta.part.1.books_1-5.txt,16427,593,27.6424957841484,0.5345699831365935,6.580340264650284,51,1,14,1532,76,508,3,104,72,7,77,7,0,195,1210,4,23,2,0,162,78,69,212
105,Scriptores Historiae Augustae,Historia Augusta (Books 6-10),historiography,scriptores_historiae_augustae.historia_augusta.part.2.books_6-10.txt,14541,598,24.24080267558529,0.5083612040133779,5.839662447257384,50,0,8,1264,77,491,3,77,69,20,83,6,1,181,1061,2,22,2,0,120,56,50,148
106,Scriptores Historiae Augustae,Historia Augusta (Books 11-15),historiography,scriptores_historiae_augustae.historia_augusta.part.3.books_11-15.txt,10808,324,33.19444444444444,0.6635802469135802,6.200934579439252,39,0,4,939,55,467,3,75,61,9,55,7,0,171,728,3,19,3,0,84,67,53,149
107,Scriptores Historiae Augustae,Historia Augusta (Books 16-21),historiography,scriptores_historiae_augustae.historia_augusta.part.4.books_16-21.txt,32417,1061,30.429783223374177,0.5541941564561734,6.044995408631772,133,3,40,3152,186,1175,15,195,182,43,144,26,5,489,2160,10,68,8,0,248,211,142,481
108,Suetonius,De Vita Caesarum,historiography,suetonius.de_vita_caesarum.part.1.julius.txt,9758,359,27.16434540389972,0.5543175487465181,6.2457337883959045,31,1,12,1001,25,177,7,86,70,5,31,2,0,113,806,1,34,5,0,104,51,67,96
109,Suetonius,De Vita Caesarum,historiography,suetonius.de_vita_caesarum.part.2.augustus.txt,13878,549,25.262295081967213,0.4517304189435337,6.238938053097345,46,1,15,1587,34,251,9,117,88,10,45,2,1,171,1058,8,45,3,1,135,76,60,145
110,Suetonius,De Vita Caesarum,historiography,suetonius.de_vita_caesarum.part.3.tiberius.txt,9317,371,25.09433962264151,0.4932614555256064,6.713709677419355,20,0,10,990,32,161,6,70,59,3,28,1,0,158,698,3,41,11,2,117,51,45,114
111,Suetonius,De Vita Caesarum,historiography,suetonius.de_vita_caesarum.part.4.caligula.txt,7771,299,25.963210702341136,0.4648829431438127,6.809523809523809,15,1,8,862,20,127,2,63,34,3,21,2,0,100,574,4,26,7,1,93,33,50,83
112,Suetonius,De Vita Caesarum,historiography,suetonius.de_vita_caesarum.part.5.claudius.txt,6563,275,23.865454545454547,0.4363636363636363,5.839506172839506,9,0,5,720,22,109,2,54,28,5,26,0,0,90,543,0,32,5,0,74,36,29,63
113,Suetonius,De Vita Caesarum,historiography,suetonius.de_vita_caesarum.part.6.nero.txt,7947,308,25.785714285714285,0.4415584415584415,6.201117318435754,18,0,13,864,18,139,4,67,43,5,26,1,0,99,587,3,34,6,0,91,28,43,99
114,Suetonius,De Vita Caesarum,historiography,suetonius.de_vita_caesarum.part.7.galba.txt,2872,100,28.68,0.53,6.819444444444445,2,0,2,295,5,59,0,14,13,2,9,0,0,27,222,0,6,2,0,23,8,17,36
115,Suetonius,De Vita Caesarum,historiography,suetonius.de_vita_caesarum.part.8.otho.txt,1671,59,28.322033898305083,0.5084745762711864,5.657894736842105,5,0,1,198,5,30,0,13,13,1,6,0,0,18,119,1,7,2,0,18,8,11,21
116,Suetonius,De Vita Caesarum,historiography,suetonius.de_vita_caesarum.part.9.vitellius.txt,2404,80,30.025,0.45,6.22,10,0,5,261,7,40,0,17,16,0,8,0,0,24,186,0,12,1,0,22,11,14,23
117,Suetonius,De Vita Caesarum,historiography,suetonius.de_vita_caesarum.part.10.vespasian.txt,3219,126,25.53174603174603,0.4365079365079365,6.17910447761194,7,1,3,329,10,64,3,25,15,1,11,0,0,35,248,1,20,1,0,33,14,23,34
118,Suetonius,De Vita Caesarum,historiography,suetonius.de_vita_caesarum.part.11.titus.txt,1490,55,27.05454545454545,0.5272727272727272,5.547619047619048,3,0,1,180,3,21,2,15,14,0,4,0,0,19,118,1,4,2,0,19,7,15,18
119,Suetonius,De Vita Caesarum,historiography,suetonius.de_vita_caesarum.part.12.domitian.txt,3585,136,26.34558823529412,0.5441176470588235,6.226415094339623,6,0,3,379,6,57,4,25,15,1,15,0,0,45,266,2,9,3,0,41,10,28,39
120,Tacitus,Agricola,historiography,tacitus.agricola.txt,6737,294,22.91496598639456,0.4115646258503401,5.885135135135135,20,0,1,838,7,99,2,52,32,5,45,1,0,62,379,0,10,1,2,23,49,42,52
121,Tacitus,Annales,historiography,tacitus.annales.part.1.txt,10751,508,21.161417322834644,0.4114173228346456,6.136,50,1,3,1120,12,205,12,87,74,29,41,3,1,84,680,0,18,3,2,58,78,22,95
122,Tacitus,Annales,historiography,tacitus.annales.part.2.txt,10290,481,21.39293139293139,0.3970893970893971,6.025862068965517,39,2,5,1109,12,212,11,84,67,8,23,2,0,78,653,0,17,2,2,58,77,22,92
123,Tacitus,Annales,historiography,tacitus.annales.part.3.txt,9284,444,20.90990990990991,0.4144144144144144,6.83982683982684,31,0,9,1031,11,210,6,101,74,19,36,3,1,73,575,0,12,2,2,43,68,25,88
124,Tacitus,Annales,historiography,tacitus.annales.part.4.txt,10004,443,22.5823927765237,0.4650112866817156,6.429133858267717,40,2,4,1088,14,254,10,90,55,10,37,4,0,83,613,0,15,4,3,52,67,14,99
125,Tacitus,Annales,historiography,tacitus.annales.part.5.txt,1025,44,23.295454545454547,0.4090909090909091,6.380952380952381,3,0,0,112,2,28,2,7,8,1,2,0,0,10,70,0,2,1,1,4,5,4,8
126,Tacitus,Annales,historiography,tacitus.annales.part.6.txt,6891,294,23.43877551020408,0.4489795918367347,6.564705882352941,18,1,6,734,6,142,14,62,50,10,15,0,0,52,434,0,7,4,0,30,36,17,44
127,Tacitus,Annales,historiography,tacitus.annales.part.11.txt,4688,215,21.795348837209303,0.4372093023255814,6.423728813559322,14,2,2,493,4,106,5,42,44,8,12,0,2,35,298,0,8,5,1,20,33,19,31
128,Tacitus,Annales,historiography,tacitus.annales.part.12.txt,7403,341,21.70967741935484,0.4164222873900293,6.177142857142857,16,0,3,808,8,162,9,61,49,2,23,0,0,53,423,0,3,7,0,33,56,10,52
129,Tacitus,Annales,historiography,tacitus.annales.part.13.txt,7586,327,23.19571865443425,0.5137614678899083,6.133333333333334,29,0,3,809,6,184,8,68,54,11,25,0,0,53,438,1,12,6,1,42,54,15,66
130,Tacitus,Annales,historiography,tacitus.annales.part.14.txt,8023,380,21.11315789473684,0.4552631578947368,6.624413145539906,21,0,4,889,6,169,14,64,53,27,30,1,0,77,426,1,8,7,2,47,58,10,61
131,Tacitus,Annales,historiography,tacitus.annales.part.15.txt,9123,384,23.7578125,0.4817708333333333,6.304166666666666,29,1,4,1030,5,177,20,74,48,6,32,0,0,70,529,0,11,8,0,55,49,15,65
132,Tacitus,Annales,historiography,tacitus.annales.part.16.txt,3837,174,22.05172413793104,0.4885057471264368,6.080357142857143,13,0,1,439,3,87,8,38,31,2,15,3,0,31,215,0,5,2,0,23,24,4,32
133,Tacitus,De Origine et Situ Germanorum,historiography,tacitus.de_origine_et_situ_germanorum_liber.txt,5514,297,18.565656565656564,0.3569023569023569,5.541666666666667,15,0,3,758,7,114,5,23,42,3,32,0,0,30,329,0,17,6,1,21,50,21,54
134,Tacitus,Historiae,historiography,tacitus.historiae.part.1.txt,11852,504,23.515873015873016,0.3492063492063492,5.9308755760368665,37,5,0,1275,15,157,14,99,66,15,51,3,0,100,742,0,17,0,4,44,63,37,119
135,Tacitus,Historiae,historiography,tacitus.historiae.part.2.txt,12261,556,22.04136690647482,0.3399280575539568,5.546666666666667,34,3,0,1240,10,175,11,86,67,5,84,0,0,88,731,0,21,6,4,61,55,46,97
136,Tacitus,Historiae,historiography,tacitus.historiae.part.3.txt,11228,578,19.41522491349481,0.3529411764705882,5.60337552742616,28,2,0,1155,9,190,18,77,55,19,56,0,0,69,659,0,12,7,2,62,68,31,103
137,Tacitus,Historiae,historiography,tacitus.historiae.part.4.txt,12753,624,20.434294871794872,0.3862179487179487,5.726973684210527,43,5,0,1363,9,202,8,77,100,23,51,2,0,117,738,0,18,3,3,62,69,45,107
138,Tacitus,Historiae,historiography,tacitus.historiae.part.5.txt,3416,173,19.745664739884397,0.3410404624277456,5.271428571428571,10,0,1,351,3,58,3,24,14,2,14,0,0,20,195,0,3,1,1,11,18,9,22
139,Valerius Maximus,Facta et Dicta Memorabilia,historiography,valerius_maximus.facta_et_dicta_memorabilia.part.1.txt,8300,296,27.986486486486488,0.6182432432432432,7.138339920948616,7,0,4,606,41,259,6,92,56,12,32,2,0,101,530,5,8,1,1,78,24,51,57
140,Valerius Maximus,Facta et Dicta Memorabilia,historiography,valerius_maximus.facta_et_dicta_memorabilia.part.2.txt,8868,344,25.71511627906977,0.5755813953488372,7.386759581881533,1,1,4,738,26,261,4,130,68,21,28,4,1,106,513,1,7,3,0,72,39,57,73
141,Valerius Maximus,Facta et Dicta Memorabilia,historiography,valerius_maximus.facta_et_dicta_memorabilia.part.3.txt,9226,348,26.45977011494253,0.5718390804597702,7.144827586206897,9,1,2,733,42,301,10,111,64,20,37,5,0,158,514,3,9,5,1,101,37,69,71
142,Valerius Maximus,Facta et Dicta Memorabilia,historiography,valerius_maximus.facta_et_dicta_memorabilia.part.4.txt,9259,373,24.777479892761395,0.546916890080429,6.996503496503497,10,0,5,757,42,347,2,81,68,30,32,14,3,125,506,2,12,4,1,99,39,53,63
143,Valerius Maximus,Facta et Dicta Memorabilia,historiography,valerius_maximus.facta_et_dicta_memorabilia.part.5.txt,9987,381,26.167979002624676,0.5774278215223098,6.788461538461538,16,1,3,842,34,336,4,101,73,33,51,7,2,145,519,0,6,7,3,96,51,86,77
144,Valerius Maximus,Facta et Dicta Memorabilia,historiography,valerius_maximus.facta_et_dicta_memorabilia.part.6.txt,8759,380,23.02368421052632,0.5052631578947369,6.862453531598513,13,0,2,665,38,319,5,64,73,22,34,6,0,149,478,2,6,4,3,101,44,64,72
145,Valerius Maximus,Facta et Dicta Memorabilia,historiography,valerius_maximus.facta_et_dicta_memorabilia.part.7.txt,7638,301,25.33887043189369,0.5813953488372093,6.98804780876494,11,0,3,634,33,250,9,67,59,12,33,4,2,91,368,4,18,2,2,65,38,68,74
146,Valerius Maximus,Facta et Dicta Memorabilia,historiography,valerius_maximus.facta_et_dicta_memorabilia.part.8.txt,8711,351,24.78062678062678,0.6239316239316239,6.857142857142857,12,0,4,660,36,287,12,108,59,19,34,7,0,84,474,1,17,6,4,68,41,82,75
147,Valerius Maximus,Facta et Dicta Memorabilia,historiography,valerius_maximus.facta_et_dicta_memorabilia.part.9.txt,8965,368,24.33423913043478,0.5842391304347826,7.163265306122449,7,0,6,736,36,259,14,82,58,40,44,5,2,114,501,1,7,1,4,91,31,52,66
148,Apuleius,Apologia,oratory,apuleius.apologia.txt,21963,946,23.108879492600423,0.4894291754756871,6.113333333333333,58,3,4,2061,49,843,14,173,119,226,105,94,11,735,1146,12,44,23,0,117,269,117,237
149,Apuleius,Florida,oratory,apuleius.florida.txt,7937,279,28.258064516129032,0.5232974910394266,6.168776371308017,26,0,2,862,17,268,7,65,26,25,28,14,2,202,393,4,16,15,0,47,63,57,65
150,Cicero,Cum Populo Gratias Egit,oratory,cicero.cum_populo_gratias_egit.txt,2639,71,37.140845070422536,0.6197183098591549,6.490384615384615,1,0,2,229,16,75,3,42,19,4,15,0,0,140,140,1,2,3,0,14,16,30,21
151,Cicero,De Domo Sua,oratory,cicero.de_domo_sua.txt,15162,589,25.69949066213922,0.4787775891341256,6.684007707129094,28,2,12,1348,73,611,1,115,89,268,69,59,10,580,892,0,10,3,1,64,179,120,130
152,Cicero,De Imperio Cn. Pompei,oratory,cicero.de_imperio_cn_pompei.txt,6668,239,27.89121338912134,0.5439330543933054,8.205607476635514,18,0,19,609,22,294,2,96,42,70,43,12,0,167,445,0,6,4,2,28,31,55,69
153,Cicero,De Lege Agraria Contra Rullum,oratory,cicero.de_lege_agraria_contra_rullum.txt,13792,640,21.525,0.509375,6.499054820415879,30,1,25,1114,45,634,2,105,86,143,67,35,3,403,788,0,10,10,1,56,132,71,148
154,Cicero,De Provinciis Consularibus,oratory,cicero.de_provinciis_consularibus.txt,5125,179,28.60335195530726,0.659217877094972,6.819512195121951,15,1,3,479,16,244,1,51,42,46,32,0,0,163,289,0,8,3,1,26,78,60,46
155,Cicero,Divinatio in C. Verrem (1),oratory,cicero.divinatio_in_c_verrem.part.1.txt,4637,151,30.6953642384106,0.609271523178808,6.442424242424242,15,0,11,375,24,259,2,59,25,15,18,42,1,163,285,1,5,1,0,35,32,46,66
156,Cicero,Divinatio in C. Verrem (2.1),oratory,cicero.divinatio_in_c_verrem.part.2.txt,15563,726,21.38429752066116,0.4903581267217631,6.042087542087542,46,4,11,1121,64,875,4,120,90,177,84,183,8,444,983,0,11,10,2,125,145,109,150
157,Cicero,Divinatio in C. Verrem (2.2),oratory,cicero.divinatio_in_c_verrem.part.3.txt,19056,866,21.978060046189377,0.4676674364896074,6.084648493543759,37,8,16,1506,79,1233,7,140,119,212,94,263,4,509,1227,0,28,16,4,147,187,139,250
158,Cicero,Divinatio in C. Verrem (2.3),oratory,cicero.divinatio_in_c_verrem.part.4.txt,24868,1336,18.60329341317365,0.3929640718562874,6.219108280254777,55,3,29,2037,112,1263,6,156,136,457,112,213,7,682,1585,0,12,15,2,164,257,178,263
159,Cicero,Divinatio in C. Verrem (2.4),oratory,cicero.divinatio_in_c_verrem.part.5.txt,17218,840,20.46904761904762,0.4785714285714286,6.240909090909091,35,2,17,1280,63,1058,7,115,85,191,69,201,4,453,1137,1,17,7,1,130,110,119,213
160,Cicero,Divinatio in C. Verrem (2.5),oratory,cicero.divinatio_in_c_verrem.part.6.txt,19155,822,23.273722627737225,0.4391727493917275,6.632721202003339,35,2,34,1607,81,1029,5,123,114,231,98,193,13,540,1301,0,19,22,1,123,145,129,202
161,Cicero,Divinatio in Q. Caecilium,oratory,cicero.divinatio_in_q_caecilium.txt,5825,226,25.76106194690265,0.6017699115044248,5.875502008032129,8,1,5,493,29,337,2,73,31,66,24,12,0,313,372,0,2,4,3,35,79,51,68
162,Cicero,In Catilinam,oratory,cicero.in_catilinam.txt,12591,523,24.04780114722753,0.5334608030592735,7.261538461538461,8,1,36,1179,37,571,9,126,66,96,44,39,9,520,738,0,14,2,1,75,139,91,121
163,Cicero,In L. Pisonem,oratory,cicero.in_l_pisonem.txt,10951,484,22.568181818181817,0.4752066115702479,6.303482587064677,15,0,20,892,50,436,4,61,56,131,57,47,17,523,556,1,12,8,2,51,96,92,103
164,Cicero,In Vatinium,oratory,cicero.in_vatinium.txt,4488,144,31.104166666666668,0.5486111111111112,6.381818181818182,7,0,4,318,31,171,1,46,28,81,16,5,0,236,299,1,4,2,2,15,28,47,49
165,Cicero,Philippicae,oratory,cicero.philippicae.part.1.txt,3728,215,17.24186046511628,0.5116279069767442,6.290123456790123,6,2,0,303,9,181,1,29,25,65,21,16,2,114,225,1,10,1,1,16,35,22,52
166,Cicero,Philippicae,oratory,cicero.philippicae.part.2.txt,11426,761,14.95532194480946,0.3955321944809461,5.961722488038277,25,0,4,892,50,475,8,70,70,225,51,46,16,552,665,4,10,3,0,61,115,83,119
167,Cicero,Philippicae,oratory,cicero.philippicae.part.3.txt,3776,206,18.276699029126213,0.3883495145631068,6.517543859649122,5,0,4,376,16,163,1,41,21,58,15,0,5,75,190,0,6,2,0,21,30,35,31
168,Cicero,Philippicae,oratory,cicero.philippicae.part.4.txt,1363,74,18.405405405405407,0.5540540540540541,6.0,2,0,2,131,2,57,1,13,3,19,6,1,1,38,56,1,0,0,0,8,15,18,14
169,Cicero,Philippicae,oratory,cicero.philippicae.part.5.txt,5120,277,18.458483754512635,0.4657039711191336,5.887096774193548,8,0,6,434,18,236,3,70,33,83,21,4,3,74,268,1,5,0,0,29,51,36,48
170,Cicero,Philippicae,oratory,cicero.philippicae.part.6.txt,1782,123,14.479674796747968,0.4065040650406504,5.056338028169014,3,0,1,137,6,74,1,21,11,40,3,6,3,48,101,0,1,0,0,8,19,12,24
171,Cicero,Philippicae,oratory,cicero.philippicae.part.7.txt,2220,134,16.470149253731343,0.3805970149253731,6.177215189873418,5,0,2,178,11,101,1,24,16,52,7,1,0,52,102,2,1,1,0,6,24,16,23
172,Cicero,Philippicae,oratory,cicero.philippicae.part.8.txt,3004,207,14.458937198067632,0.3671497584541063,5.22,6,1,2,256,18,124,1,23,23,58,6,1,1,106,152,0,6,2,0,23,31,10,32
173,Cicero,Philippicae,oratory,cicero.philippicae.part.9.txt,1647,65,25.27692307692308,0.7538461538461538,6.75,3,0,2,150,10,78,0,26,0,4,12,1,0,27,91,0,2,3,1,10,20,8,20
174,Cicero,Philippicae,oratory,cicero.philippicae.part.10.txt,2747,136,20.139705882352946,0.5882352941176471,6.168,3,1,4,246,11,124,0,38,21,32,17,5,1,54,155,0,3,1,1,15,26,25,25
175,Cicero,Philippicae,oratory,cicero.philippicae.part.11.txt,4135,234,17.61111111111111,0.4700854700854701,5.932515337423313,11,0,9,383,20,175,1,55,26,59,14,6,2,84,235,1,0,1,0,28,51,43,38
176,Cicero,Philippicae,oratory,cicero.philippicae.part.12.txt,3156,205,15.346341463414634,0.3121951219512195,6.448275862068965,6,1,4,285,17,126,1,35,23,80,9,3,0,115,175,0,0,0,0,16,46,26,34
177,Cicero,Philippicae,oratory,cicero.philippicae.part.13.txt,5258,338,15.4792899408284,0.4053254437869822,6.010752688172043,12,0,4,498,18,231,3,37,37,87,33,7,9,141,241,0,4,4,0,29,81,57,40
178,Cicero,Philippicae,oratory,cicero.philippicae.part.14.txt,3388,149,22.697986577181208,0.5167785234899329,7.040650406504065,6,1,5,286,15,158,1,33,25,33,22,7,2,69,190,0,3,0,1,12,30,40,33
179,Cicero,Post Reditum in Senatu,oratory,cicero.post_reditum_in_senatu.txt,4342,132,32.86363636363637,0.6136363636363636,6.903614457831325,11,0,4,387,30,117,2,37,47,36,23,4,0,193,245,0,3,0,1,19,42,40,41
180,Cicero,Pro A. Caecina,oratory,cicero.pro_a_caecina.txt,10399,454,22.86784140969163,0.5352422907488987,6.287469287469287,22,2,5,1011,57,563,2,66,76,138,54,33,1,308,649,0,5,9,0,58,209,28,103
181,Cicero,Pro A. Cluentio,oratory,cicero.pro_a_cluentio.txt,20820,968,21.46280991735537,0.5010330578512396,7.25390625,51,4,24,1671,90,1254,7,167,142,200,134,30,5,442,1330,0,42,8,2,152,189,130,229
182,Cicero,Pro Archia,oratory,cicero.pro_archia.txt,3121,116,26.879310344827587,0.6379310344827587,8.087719298245615,9,0,12,333,21,165,0,33,20,27,20,1,1,94,204,0,11,0,0,20,34,32,19
183,Cicero,Pro Balbo,oratory,cicero.pro_balbo.txt,6789,253,26.818181818181817,0.5652173913043478,6.476190476190476,10,0,14,642,30,304,0,57,35,80,39,9,6,131,414,1,14,7,3,33,102,69,73
184,Cicero,Pro C. Rabirio,oratory,cicero.pro_c_rabirio_perduellionis_reo.txt,3548,136,26.080882352941178,0.5220588235294118,6.65,3,0,5,324,13,141,0,33,15,48,14,12,0,113,231,0,1,5,0,10,42,27,20
185,Cicero,Pro C. Rabirio Postumo,oratory,cicero.pro_c_rabirio_postumo.txt,4077,230,17.704347826086956,0.4347826086956521,5.904761904761905,6,0,4,409,12,235,2,33,24,50,22,9,2,118,206,0,3,1,1,25,65,23,46
186,Cicero,Pro Fonteio,oratory,cicero.pro_fonteio.txt,4544,183,24.797814207650276,0.5300546448087432,6.769662921348314,7,0,1,421,16,193,1,59,35,62,25,17,1,83,291,0,2,3,0,17,43,47,44
187,Cicero,Pro L. Flacco,oratory,cicero.pro_l_flacco.txt,10909,652,16.725460122699385,0.4079754601226993,5.900990099009901,21,1,13,898,51,462,1,98,54,177,58,53,9,327,645,2,9,3,0,75,128,97,86
188,Cicero,Pro Ligario,oratory,cicero.pro_ligario.txt,3295,189,17.386243386243386,0.4761904761904761,5.984126984126984,18,1,1,283,21,162,1,16,29,49,20,10,1,160,217,0,7,3,0,18,46,22,40
189,Cicero,Pro M. Caelio,oratory,cicero.pro_m_caelio.txt,8508,407,20.835380835380835,0.4864864864864865,6.918300653594772,23,1,11,832,36,413,2,72,57,101,52,50,5,258,508,1,18,4,0,61,123,70,75
190,Cicero,Pro Marcello,oratory,cicero.pro_marcello.txt,2770,114,24.28070175438597,0.5614035087719298,6.831683168316832,8,0,3,319,18,98,1,29,17,12,17,9,0,84,130,0,8,3,0,7,23,15,31
191,Cicero,Pro Milone,oratory,cicero.pro_milone.txt,10549,479,21.943632567849686,0.4822546972860125,6.326315789473684,9,1,6,929,45,551,5,106,52,152,73,7,7,317,603,1,5,8,0,79,164,98,114
192,Cicero,Pro Murena,oratory,cicero.pro_murena.txt,10572,497,21.243460764587525,0.4507042253521127,6.89766081871345,16,2,14,988,29,441,4,133,72,91,66,42,0,353,625,0,8,2,0,36,129,99,105
193,Cicero,Pro Plancio,oratory,cicero.pro_plancio.txt,11628,505,22.940594059405942,0.5544554455445545,6.370143149284254,26,1,12,1123,41,567,1,99,85,130,56,30,9,597,646,0,11,11,2,45,155,89,117
194,Cicero,Pro Publio Quinctio,oratory,cicero.pro_publio_quinctio.txt,8656,459,18.836601307189543,0.4400871459694989,6.061919504643963,10,3,7,651,45,413,7,54,55,127,55,42,4,280,505,0,2,5,2,59,124,37,110
195,Cicero,Pro Q. Roscio Comoedo,oratory,cicero.pro_q_roscio_comoedo.txt,4770,391,12.176470588235292,0.2710997442455243,5.822485207100592,8,1,0,377,12,215,0,15,17,155,13,3,1,159,305,0,1,2,2,40,69,36,33
196,Cicero,Pro Rege Deiotaro,oratory,cicero.pro_rege_deiotaro.txt,3911,193,20.2279792746114,0.4870466321243523,7.092198581560283,1,1,4,345,23,180,2,20,21,45,18,10,2,163,270,1,3,2,1,33,29,32,32
197,Cicero,Pro S. Roscio,oratory,cicero.pro_s_roscio.txt,13278,657,20.165905631659054,0.5068493150684932,7.256029684601113,33,1,19,1172,50,777,10,67,77,187,84,60,6,354,799,0,3,4,3,75,193,92,182
198,Cicero,Pro Scauro,oratory,cicero.pro_scauro.txt,2980,168,17.69047619047619,0.4583333333333333,6.151785714285714,7,1,4,304,12,136,1,28,16,43,32,14,0,112,162,0,7,0,0,28,37,26,24
199,Cicero,Pro Sestio,oratory,cicero.pro_sestio.txt,16850,603,27.90049751243781,0.5024875621890548,6.759226713532513,48,1,14,1507,66,743,5,163,109,178,97,14,7,482,1011,1,15,6,1,132,146,144,166
200,Cicero,Pro Sulla,oratory,cicero.pro_sulla.txt,9322,402,23.154228855721392,0.4825870646766169,6.167164179104478,17,1,17,817,48,474,1,79,62,104,43,21,7,436,595,0,7,4,0,75,126,70,94
201,Cicero,Pro Tullio,oratory,cicero.pro_tullio.txt,3448,185,18.616216216216216,0.4324324324324324,6.158333333333333,4,0,3,316,15,204,2,14,16,48,29,14,0,87,208,0,0,1,0,21,53,10,62
202,Pseudo-Cicero,In Sallustium,oratory,cicero_pseudo.in_sallustium.txt,1862,95,19.57894736842105,0.5263157894736842,6.4868421052631575,5,0,0,178,0,65,0,10,13,21,7,3,0,104,76,0,1,1,0,7,30,7,23
203,Pseudo-Quintilian,Declamationes Maiores,oratory,quintilian_pseudo.major_declamations.txt,66802,4758,14.03404791929382,0.3541403951240017,4.5234342596433015,175,16,7,4795,133,1834,107,358,298,929,238,148,65,2120,3175,1,55,27,2,309,870,311,701
204,Seneca the Elder,Controverisae (Book 1),oratory,seneca_the_elder.controversiae.part.1.txt,15836,1244,12.607717041800644,0.2893890675241157,4.854251012145749,33,8,0,1099,63,684,17,111,70,243,46,48,8,478,817,0,26,2,0,80,194,44,136
205,Seneca the Elder,Controversiae (Book 2),oratory,seneca_the_elder.controversiae.part.2.txt,14042,1152,12.03125,0.2743055555555556,4.73838630806846,31,5,2,1009,61,577,12,99,52,235,34,47,4,420,710,0,17,2,0,65,204,33,124
206,Seneca the Elder,Controverisae (Book 7),oratory,seneca_the_elder.controversiae.part.7.txt,14188,1263,11.149643705463182,0.2707838479809976,4.543123543123543,36,4,0,976,56,559,10,75,86,216,34,38,6,408,680,0,32,2,0,74,171,35,112
207,Seneca the Elder,Controverisae (Book 8),oratory,seneca_the_elder.controversiae.part.8.txt,11280,973,11.50359712230216,0.276464542651593,5.054054054054054,26,0,0,797,47,484,26,35,84,178,37,45,2,326,583,1,15,1,2,61,129,21,107
208,Seneca the Elder,Controverisae (Book 10),oratory,seneca_the_elder.controversiae.part.10.txt,10625,893,11.786114221724524,0.257558790593505,5.010238907849829,29,1,1,742,39,491,11,56,49,168,34,51,13,294,525,0,18,3,1,45,164,32,80
209,Seneca the Elder,Excerpta Controversiae,oratory,seneca_the_elder.excerpta_controversiae.txt,21200,2278,9.266022827041263,0.2396839332748024,4.566009104704097,41,7,2,1340,62,695,29,102,115,300,57,64,8,593,1137,2,68,1,0,115,277,39,213
210,Seneca the Elder,Fragmenta,oratory,seneca_the_elder.fragmenta.txt,151,9,16.444444444444443,0.1111111111111111,6.333333333333333,0,0,0,22,0,3,0,0,1,0,1,0,0,2,9,0,2,0,0,1,2,0,1
211,Seneca the Elder,Suasoriae,oratory,seneca_the_elder.suasoriae.txt,10252,640,15.896875,0.3265625,5.697841726618705,34,2,4,770,37,421,1,86,57,100,54,24,9,209,524,0,12,4,0,46,125,48,109
212,Cicero,Academica,philosophy,cicero.academica.txt,4887,166,29.3855421686747,0.6746987951807228,7.196261682242991,31,0,8,613,21,244,4,61,28,14,37,12,0,114,341,0,31,3,0,28,46,13,63
213,Cicero,Brutus,philosophy,cicero.brutus.txt,25196,1062,23.629001883239173,0.5282485875706214,6.390779363336993,66,4,17,2810,130,1141,10,354,155,110,157,66,3,533,1510,1,81,7,2,106,197,111,306
214,Cicero,De Amicitia,philosophy,cicero.de_amicitia.txt,9372,415,22.52289156626506,0.5975903614457831,5.705747126436782,24,2,9,1057,39,398,3,122,66,47,62,19,1,194,590,0,35,5,0,81,106,41,174
215,Cicero,De Divinatione,philosophy,cicero.de_divinatione.txt,27537,1422,19.361462728551334,0.4922644163150492,5.098445595854923,81,4,41,2970,152,1168,13,222,197,399,149,58,9,457,1543,1,83,7,0,118,305,50,319
216,Cicero,De Fato,philosophy,cicero.de_fato.txt,4947,201,24.611940298507463,0.5472636815920398,4.523316062176166,30,0,2,595,22,285,1,22,39,34,17,8,2,55,315,0,18,1,1,14,104,4,81
217,Cicero,De Finibus Bonorum et Malorum,philosophy,cicero.de_finibus_bonorum_et_malorum.part.1.txt,7176,297,24.11784511784512,0.6397306397306397,5.633633633633633,20,1,9,916,28,318,1,117,47,46,64,13,1,158,417,0,19,1,3,45,98,17,104
218,Cicero,De Finibus Bonorum et Malorum,philosophy,cicero.de_finibus_bonorum_et_malorum.part.2.txt,12672,712,17.72050561797753,0.476123595505618,5.011070110701107,41,0,11,1366,48,631,8,129,93,167,108,50,3,331,671,0,21,4,1,98,210,43,186
219,Cicero,De Finibus Bonorum et Malorum,philosophy,cicero.de_finibus_bonorum_et_malorum.part.3.txt,7916,330,23.86060606060606,0.6878787878787879,5.110599078341014,42,1,7,928,39,442,3,117,51,33,64,17,0,148,477,1,32,3,4,56,89,15,146
220,Cicero,De Finibus Bonorum et Malorum,philosophy,cicero.de_finibus_bonorum_et_malorum.part.4.txt,8569,407,20.963144963144963,0.5749385749385749,4.8710407239819,49,2,6,910,41,535,3,115,61,87,47,34,2,183,538,1,26,4,1,41,109,22,133
221,Cicero,De Finibus Bonorum et Malorum,philosophy,cicero.de_finibus_bonorum_et_malorum.part.5.txt,11094,540,20.475925925925925,0.524074074074074,5.221532091097308,46,0,8,1251,50,542,7,179,60,107,100,29,1,293,684,0,40,17,1,118,126,29,205
222,Cicero,De Haruspicum Responso,philosophy,cicero.de_haruspicum_responso.txt,7518,300,25.036666666666665,0.5466666666666666,6.7,16,0,14,664,22,386,0,50,60,85,57,19,4,215,451,0,12,3,1,41,64,60,62
223,Cicero,De Natura Deorum,philosophy,cicero.de_natura_deorum.part.1.txt,11210,485,23.094845360824745,0.5649484536082474,7.14027149321267,49,2,23,1295,38,442,3,73,99,121,66,41,0,217,614,0,35,1,1,38,128,25,134
224,Cicero,De Natura Deorum,philosophy,cicero.de_natura_deorum.part.2.txt,15452,561,27.51693404634581,0.6345811051693404,7.825448613376835,75,0,42,1933,60,628,8,157,101,37,98,8,0,181,938,1,46,14,1,77,108,49,208
225,Cicero,De Natura Deorum,philosophy,cicero.de_natura_deorum.part.3.txt,9104,369,24.66124661246613,0.5745257452574526,6.58005249343832,19,1,3,1026,27,388,2,70,74,68,38,28,2,213,473,0,11,3,0,26,118,10,104
226,Cicero,De Officiis,philosophy,cicero.de_officiis.part.1.txt,14486,550,26.33636363636364,0.6690909090909091,5.276747503566334,71,0,20,1857,33,586,5,370,117,14,78,1,2,159,957,1,45,3,3,85,148,53,246
227,Cicero,De Officiis,philosophy,cicero.de_officiis.part.2.txt,8605,360,23.9,0.6305555555555555,4.926829268292683,37,0,6,1034,47,383,3,156,52,43,39,4,2,115,537,0,12,5,1,50,81,33,113
228,Cicero,De Officiis,philosophy,cicero.de_officiis.part.3.txt,11147,558,19.97670250896057,0.5627240143369175,4.773897058823529,30,2,0,1155,66,584,2,170,71,110,54,16,2,173,562,0,22,3,0,96,158,28,140
229,Cicero,De Optimo Genere Oratorum,philosophy,cicero.de_optimo_genere_oratorum.txt,1606,74,21.64864864864865,0.5405405405405406,5.344262295081967,13,0,0,210,9,71,1,30,7,7,14,1,0,20,105,1,5,1,0,10,27,9,29
230,Cicero,De Oratore,philosophy,cicero.de_oratore.part.1.txt,18313,410,44.59268292682927,0.7317073170731707,5.7626506024096384,35,4,49,2189,64,921,8,380,85,118,134,59,2,503,1211,0,98,10,2,86,231,97,187
231,Cicero,De Oratore,philosophy,cicero.de_oratore.part.2.txt,27105,738,36.67344173441735,0.6422764227642277,5.229762878168438,112,1,39,3048,117,1374,11,544,123,154,188,73,0,730,1732,1,84,12,1,115,356,99,456
232,Cicero,De Oratore,philosophy,cicero.de_oratore.part.3.txt,16821,480,35.0,0.6333333333333333,5.759628154050465,86,1,29,2042,54,817,9,290,94,87,118,39,7,369,1039,1,77,4,0,84,171,73,285
233,Cicero,De Republica,philosophy,cicero.de_republica.txt,22261,926,24.025917926565874,0.5172786177105831,5.59010989010989,61,3,23,2463,117,1012,3,227,124,143,152,54,4,442,1240,0,63,13,1,127,210,104,301
234,Cicero,De Senectute,philosophy,cicero.de_senectute.txt,8271,384,21.5234375,0.5625,5.757412398921833,16,3,16,890,50,293,6,72,48,62,44,15,6,207,409,0,15,5,1,53,71,23,97
235,Cicero,Lucullus,philosophy,cicero.lucullus.txt,18034,777,23.153153153153152,0.5804375804375804,7.473333333333334,65,1,9,2003,87,1009,9,147,153,163,124,65,2,468,888,3,42,10,1,116,246,55,262
236,Cicero,Orator,philosophy,cicero.orator.txt,18635,731,25.38166894664843,0.6142270861833106,6.172823218997362,104,1,17,2462,77,813,8,295,139,84,121,16,5,255,1116,0,79,11,0,60,210,75,288
237,Cicero,Paradoxa Stoicorum ad M Brutum,philosophy,cicero.paradoxa_stoicorum_ad_m_brutum.txt,4679,240,19.47083333333333,0.4,5.00990099009901,11,1,7,482,11,178,3,59,30,104,25,22,1,131,214,0,3,1,0,27,72,23,46
238,Cicero,Timaeus,philosophy,cicero.timaeus.txt,4225,149,28.328859060402685,0.7114093959731543,5.173076923076923,14,0,13,570,20,224,0,27,48,2,26,1,0,82,254,0,7,1,0,49,27,12,52
239,Cicero,Topica,philosophy,cicero.topica.txt,6922,327,21.125382262996943,0.6146788990825688,5.815028901734104,61,0,1,712,39,370,4,106,46,8,25,1,0,72,517,1,24,0,0,14,81,5,108
240,Cicero,Tusculanae Disputationes,philosophy,cicero.tusculanae_disputationes.part.1.txt,12720,654,19.383792048929664,0.4877675840978593,5.235067437379576,42,3,10,1369,50,611,4,87,88,169,83,41,7,282,732,0,36,8,3,75,168,23,163
241,Cicero,Tusculanae Disputationes,philosophy,cicero.tusculanae_disputationes.part.2.txt,6965,383,18.12532637075718,0.4203655352480417,5.394636015325671,14,0,3,680,25,305,6,80,57,81,44,8,13,176,343,1,19,2,0,40,93,16,92
242,Cicero,Tusculanae Disputationes,philosophy,cicero.tusculanae_disputationes.part.3.txt,8890,447,19.827740492170022,0.5458612975391499,5.320707070707071,36,2,6,920,37,438,2,102,71,91,50,15,12,189,468,0,19,1,0,64,102,14,129
243,Cicero,Tusculanae Disputationes,philosophy,cicero.tusculanae_disputationes.part.4.txt,8400,391,21.41943734015345,0.5524296675191815,5.27887323943662,60,0,6,949,23,370,8,103,43,86,61,20,1,120,485,2,31,3,0,49,81,10,121
244,Cicero,Tusculanae Disputationes,philosophy,cicero.tusculanae_disputationes.part.5.txt,11002,536,20.44589552238806,0.5149253731343284,5.234135667396061,48,2,18,1189,57,526,3,121,65,145,70,24,5,234,602,1,32,7,0,104,137,40,130
245,Marcus Minucius Felix,Octavius,philosophy,marcus_mincuius_felix.octavius.txt,11664,547,21.23034734917733,0.4369287020109689,5.419642857142857,24,6,8,1429,47,293,31,82,47,108,87,27,2,208,539,1,10,1,0,56,88,18,133
246,Seneca the Younger,De Beneficiis,philosophy,seneca.de_beneficiis.part.1.txt,3987,219,18.200913242009133,0.54337899543379,4.58288770053476,29,0,1,458,12,139,6,44,28,28,17,14,0,98,191,0,7,0,0,39,44,11,38
247,Seneca the Younger,De Beneficiis,philosophy,seneca.de_beneficiis.part.2.txt,6358,360,17.66111111111111,0.5444444444444444,4.091772151898734,27,3,0,584,21,247,5,113,38,54,28,9,1,165,276,0,21,2,2,53,93,25,84
248,Seneca the Younger,De Beneficiis,philosophy,seneca.de_beneficiis.part.3.txt,6716,384,17.489583333333332,0.4505208333333333,4.388111888111888,28,0,0,650,18,270,2,55,35,101,34,16,1,146,360,0,29,3,3,46,103,22,60
249,Seneca the Younger,De Beneficiis,philosophy,seneca.de_beneficiis.part.4.txt,7715,440,17.53409090909091,0.4295454545454545,4.4397394136807815,48,0,0,797,23,358,5,93,41,133,42,37,0,202,384,0,21,5,1,72,103,31,69
250,Seneca the Younger,De Beneficiis,philosophy,seneca.de_beneficiis.part.5.txt,6538,373,17.52278820375335,0.450402144772118,4.741312741312742,23,4,0,681,18,245,9,67,34,85,37,9,1,227,354,0,18,1,4,99,108,18,59
251,Seneca the Younger,De Beneficiis,philosophy,seneca.de_beneficiis.part.6.txt,7936,428,18.542056074766357,0.4906542056074766,4.343575418994414,36,1,0,814,25,355,16,66,40,88,37,41,1,304,383,0,23,5,1,57,116,18,94
252,Seneca the Younger,De Beneficiis,philosophy,seneca.de_beneficiis.part.7.txt,6375,344,18.531976744186046,0.4912790697674418,4.578544061302682,29,0,1,632,16,320,5,53,36,55,11,24,2,165,331,0,14,3,0,40,105,22,57
253,Seneca the Younger,De Brevitate Vitae,philosophy,seneca.de_brevitate_vitae.txt,6189,337,18.356083086053413,0.4451038575667655,5.357446808510638,33,1,0,485,13,283,16,51,18,75,33,25,1,138,374,0,20,2,1,56,39,39,41
254,Seneca the Younger,De Clementia,philosophy,seneca.de_clementia.txt,8356,378,22.1005291005291,0.5291005291005291,4.935779816513762,31,0,1,823,23,295,3,92,37,56,30,14,9,183,461,1,13,1,0,81,88,28,73
255,Seneca the Younger,De Consolatione ad Helviam,philosophy,seneca.de_consolatione_ad_helviam.txt,6771,361,18.742382271468145,0.481994459833795,5.054054054054054,31,1,1,527,10,300,13,61,35,55,42,21,5,213,390,0,17,1,2,55,51,36,40
256,Seneca the Younger,De Consolatione ad Marciam,philosophy,seneca.de_consolatione_ad_marciam.txt,8192,408,20.044117647058822,0.4264705882352941,5.294776119402985,29,4,0,763,16,296,10,38,30,65,43,22,1,225,458,1,14,2,0,57,75,54,57
257,Seneca the Younger,De Consolatione ad Polybium,philosophy,seneca.de_consolatione_ad_polybium.txt,5674,279,20.32616487455197,0.4695340501792114,5.185714285714286,36,5,1,496,9,303,1,52,48,38,35,15,2,229,272,0,4,1,0,43,59,24,39
258,Seneca the Younger,De Constantia,philosophy,seneca.de_constantia.txt,5292,252,20.98809523809524,0.5238095238095238,5.571428571428571,20,1,2,637,12,219,4,37,33,41,13,12,2,113,269,0,17,1,0,47,76,11,48
259,Seneca the Younger,De Ira,philosophy,seneca.de_ira.txt,22413,1329,16.84048156508653,0.3935289691497366,5.074585635359116,117,10,0,2453,53,751,41,224,109,271,99,63,6,425,1160,0,88,8,1,188,248,98,183
260,Seneca the Younger,De Otio,philosophy,seneca.de_otio.txt,1962,97,20.20618556701031,0.5154639175257731,5.092105263157895,12,2,0,214,1,90,0,16,8,21,15,2,0,57,130,0,5,1,0,23,30,6,16
261,Seneca the Younger,De Providentia,philosophy,seneca.de_providentia.txt,4094,251,16.306772908366533,0.3824701195219123,5.136690647482014,6,0,0,350,5,145,6,36,17,62,28,16,0,91,215,0,12,0,1,29,51,22,28
262,Seneca the Younger,De Tranquillitate Animi,philosophy,seneca.de_tranquillitate_animi.txt,7555,369,20.466124661246614,0.4498644986449864,5.438247011952191,30,1,0,864,8,223,3,97,38,52,35,8,1,221,392,0,35,1,0,97,68,20,59
263,Seneca the Younger,De Vita Beata,philosophy,seneca.de_vita_beata.txt,7313,396,18.404040404040405,0.4318181818181818,5.1050583657587545,42,2,0,861,9,279,5,41,46,94,36,25,3,214,396,0,16,4,2,55,82,18,50
264,Tacitus,Dialogus De Oratoribus,philosophy,tacitus.dialogus_de_oratoribus.txt,9311,335,27.79402985074627,0.5880597014925373,6.888178913738019,31,2,4,1353,28,289,4,62,47,52,80,11,0,177,513,0,23,6,5,34,103,36,98
265,Tertullian,Apologeticum,philosophy,tertullian.apologeticum.txt,19974,1179,16.94147582697201,0.4079728583545377,5.435374149659864,76,5,13,2245,56,609,26,203,110,201,156,57,19,361,1385,2,33,3,1,84,288,55,191
266,Tertullian,De Spectaculis,philosophy,tertullian.de_spectaculis.txt,6378,351,18.125356125356124,0.4045584045584046,5.726495726495727,15,0,1,739,18,218,4,35,27,63,52,13,0,65,509,0,9,0,0,25,65,11,56
267,Celsus,De Medicina,technical treatise,celsus.de_medicina.part.1.txt,7555,323,23.390092879256965,0.5696594427244582,5.077441077441078,79,1,5,920,25,357,4,98,56,3,32,16,0,44,473,0,18,2,1,36,147,28,47
268,Celsus,De Medicina,technical treatise,celsus.de_medicina.part.2.txt,13212,529,24.97353497164461,0.5179584120982986,4.908096280087527,59,4,13,1857,20,465,3,91,78,2,44,6,0,36,845,0,52,4,4,30,366,44,88
269,Celsus,De Medicina,technical treatise,celsus.de_medicina.part.3.txt,13332,609,21.88341543513957,0.4844006568144499,4.71571072319202,79,4,2,1678,34,545,9,337,94,1,61,7,1,47,796,0,46,5,3,42,346,51,116
270,Celsus,De Medicina,technical treatise,celsus.de_medicina.part.4.txt,10967,511,21.410958904109588,0.4324853228962818,4.826747720364741,30,2,8,1384,24,434,11,211,68,0,41,6,0,33,720,0,27,1,1,29,210,33,69
271,Celsus,De Medicina,technical treatise,celsus.de_medicina.part.5.txt,17567,814,21.63144963144963,0.5147420147420148,4.847058823529411,80,2,7,2048,22,703,18,251,128,0,39,3,0,35,1007,0,73,1,4,30,281,35,90
272,Celsus,De Medicina,technical treatise,celsus.de_medicina.part.6.txt,11363,502,22.653386454183263,0.5119521912350598,5.177650429799427,34,1,4,1271,22,550,7,290,107,0,40,4,0,35,708,0,43,1,4,27,194,26,55
273,Celsus,De Medicina,technical treatise,celsus.de_medicina.part.7.txt,17637,778,22.63496143958869,0.5629820051413882,4.867088607594937,54,5,5,2066,25,822,4,497,178,0,107,4,0,62,1285,1,70,4,1,52,364,25,199
274,Celsus,De Medicina,technical treatise,celsus.de_medicina.part.8.txt,11456,466,24.540772532188843,0.5643776824034334,4.740554156171284,29,2,6,1318,17,511,5,305,116,0,52,1,0,43,924,0,30,3,1,41,242,22,105
275,Cicero,De Inventione,technical treatise,cicero.de_inventione.part.1.txt,15244,646,23.396284829721363,0.6160990712074303,5.1321762349799736,59,1,2,1641,69,830,0,177,79,39,79,6,0,155,1127,0,62,2,0,58,266,64,159
276,Cicero,De Inventione,technical treatise,cicero.de_inventione.part.2.txt,17259,656,26.19969512195122,0.6326219512195121,5.047674418604651,74,2,5,1769,66,969,5,229,70,32,131,5,0,182,1451,0,83,1,2,110,247,43,169
277,Cicero,De Partitione Oratoria,technical treatise,cicero.de_partitione_oratoria.txt,9964,446,22.307174887892376,0.5717488789237668,7.032634032634032,47,2,14,1416,37,359,1,361,49,43,61,13,0,77,758,0,26,2,1,31,143,25,157
278,Columella,De Re Rustica (Books 1-9 only),technical treatise,columella.de_re_rustica.part.1.txt,8003,299,26.762541806020067,0.6387959866220736,5.924764890282131,23,1,2,1041,32,217,7,98,61,8,32,9,0,62,394,2,11,1,0,28,81,54,91
279,Columella,De Re Rustica (Books 1-9 only),technical treatise,columella.de_re_rustica.part.2.txt,10306,444,23.195945945945947,0.5337837837837838,5.663888888888889,33,7,2,1344,55,251,14,111,54,1,13,6,0,44,450,8,17,4,2,11,149,46,103
280,Columella,De Re Rustica (Books 1-9 only),technical treatise,columella.de_re_rustica.part.3.txt,10144,401,25.28927680798005,0.5935162094763092,5.46969696969697,18,4,16,1263,43,294,7,90,53,16,30,6,0,65,497,3,23,6,1,9,130,78,118
281,Columella,De Re Rustica (Books 1-9 only),technical treatise,columella.de_re_rustica.part.4.txt,9149,434,21.07834101382489,0.5299539170506913,5.36060606060606,19,8,6,1116,36,225,18,198,61,5,26,4,0,50,484,9,18,7,1,24,132,35,113
282,Columella,De Re Rustica (Books 1-9 only),technical treatise,columella.de_re_rustica.part.5.txt,9202,514,17.894941634241246,0.4202334630350194,5.097972972972973,23,14,6,985,25,253,6,87,79,0,27,1,0,59,523,4,10,4,0,33,114,23,100
283,Columella,De Re Rustica (Books 1-9 only),technical treatise,columella.de_re_rustica.part.6.txt,9363,495,18.915151515151518,0.4121212121212121,5.122047244094488,31,2,4,1237,49,234,8,118,81,0,25,2,2,24,458,3,21,6,0,13,143,43,91
284,Columella,De Re Rustica (Books 1-9 only),technical treatise,columella.de_re_rustica.part.7.txt,7302,365,20.0,0.4630136986301369,4.916666666666667,17,2,13,1013,38,169,16,113,48,6,11,2,3,12,321,6,14,3,1,7,104,53,80
285,Columella,De Re Rustica (Books 1-9 only),technical treatise,columella.de_re_rustica.part.8.txt,8541,437,19.54462242562929,0.5766590389016019,4.910144927536232,34,2,6,1091,36,255,19,120,81,1,25,5,0,33,417,2,7,4,0,19,87,61,98
286,Columella,De Re Rustica (Books 1-9 only),technical treatise,columella.de_re_rustica.part.9.txt,6967,317,21.977917981072554,0.5615141955835962,4.916666666666667,24,1,4,866,36,187,12,82,57,0,16,10,1,33,334,1,11,4,0,21,95,29,81
287,Quintus Cicero,On Running for Consul,technical treatise,q_cicero.on_running_for_consul.txt,4360,165,26.4,0.696969696969697,7.24,11,0,0,400,18,224,1,86,16,9,17,1,0,172,280,0,5,2,0,29,46,10,107
288,Quintilian,Institutio Oratoria,technical treatise,quintilian.institutio_oratoria.part.1.txt,17139,794,21.58312342569269,0.5264483627204031,5.362043795620438,99,2,11,1939,70,634,11,272,135,103,84,8,9,176,1046,3,96,4,1,57,178,71,271
289,Quintilian,Institutio Oratoria,technical treatise,quintilian.institutio_oratoria.part.2.txt,14101,622,22.670418006430868,0.572347266881029,5.1112828438949,65,4,10,1644,43,609,11,304,82,59,96,7,0,168,887,2,70,9,0,79,156,53,170
290,Quintilian,Institutio Oratoria,technical treatise,quintilian.institutio_oratoria.part.3.txt,14070,764,18.414921465968582,0.5117801047120419,4.888372093023256,106,1,7,1609,42,601,5,217,110,104,66,1,0,113,940,1,71,6,0,39,128,41,196
291,Quintilian,Institutio Oratoria,technical treatise,quintilian.institutio_oratoria.part.4.txt,12021,533,22.5515947467167,0.5947467166979362,5.123134328358209,37,3,7,1299,52,451,8,252,76,54,69,7,3,148,771,5,50,2,0,48,177,38,190
292,Quintilian,Institutio Oratoria,technical treatise,quintilian.institutio_oratoria.part.5.txt,17366,797,21.786700125470517,0.5671267252195734,4.780104712041885,93,1,7,1984,55,721,6,300,100,84,101,8,1,183,1154,1,62,4,2,71,271,75,275
293,Quintilian,Institutio Oratoria,technical treatise,quintilian.institutio_oratoria.part.6.txt,11962,567,21.09523809523809,0.5714285714285714,5.083495145631068,51,1,9,1320,60,521,6,199,79,65,78,5,6,164,712,1,60,2,0,42,126,68,161
294,Quintilian,Institutio Oratoria,technical treatise,quintilian.institutio_oratoria.part.7.txt,13038,761,17.132720105124836,0.4467805519053876,4.791338582677166,60,1,5,1473,42,536,2,184,80,65,63,2,0,115,916,1,21,5,1,59,179,43,184
295,Quintilian,Institutio Oratoria,technical treatise,quintilian.institutio_oratoria.part.8.txt,13163,697,18.883787661406025,0.5078909612625538,5.24482109227872,83,0,14,1483,42,635,12,190,83,70,67,10,4,134,745,0,80,1,1,45,116,50,200
296,Quintilian,Institutio Oratoria,technical treatise,quintilian.institutio_oratoria.part.9.txt,19051,970,19.62989690721649,0.4938144329896907,5.080272108843538,127,2,17,2279,79,757,12,233,161,137,90,12,11,291,974,1,100,4,1,88,192,68,476
297,Quintilian,Institutio Oratoria,technical treatise,quintilian.institutio_oratoria.part.10.txt,12077,588,20.539115646258505,0.5731292517006803,5.374015748031496,52,2,18,1400,36,458,13,303,59,46,71,4,0,160,664,0,53,6,1,75,114,63,188
298,Quintilian,Institutio Oratoria,technical treatise,quintilian.institutio_oratoria.part.11.txt,15435,757,20.387054161162485,0.4742404227212681,4.957875457875458,92,1,30,1940,61,576,10,312,107,76,101,8,2,180,891,1,91,8,2,91,132,55,231
299,Quintilian,Institutio Oratoria,technical treatise,quintilian.institutio_oratoria.part.12.txt,13160,607,21.68039538714992,0.5700164744645799,5.497247706422018,55,1,17,1577,46,504,12,301,77,110,98,5,1,149,678,0,53,6,4,70,151,62,162
300,Vitruvius,De Architectura,technical treatise,vitruvius.de_architectura.part.1.txt,6026,230,26.191304347826087,0.5434782608695652,6.49171270718232,17,1,1,719,26,163,3,84,15,1,9,1,2,22,485,0,0,2,1,7,59,9,40
301,Vitruvius,De Architectura,technical treatise,vitruvius.de_architectura.part.2.txt,6928,297,23.31986531986532,0.5016835016835017,6.387096774193548,24,4,0,782,62,269,2,50,16,0,15,0,0,49,650,0,2,0,0,40,43,12,25
302,Vitruvius,De Architectura,technical treatise,vitruvius.de_architectura.part.3.txt,4044,175,23.10857142857143,0.4685714285714286,5.78740157480315,4,0,1,408,11,116,1,56,13,0,8,0,0,4,374,0,0,0,1,2,44,8,22
303,Vitruvius,De Architectura,technical treatise,vitruvius.de_architectura.part.4.txt,4043,195,20.72820512820513,0.4461538461538462,6.131782945736434,14,0,2,369,8,108,1,18,17,0,9,0,0,9,375,0,1,0,1,4,41,5,10
304,Vitruvius,De Architectura,technical treatise,vitruvius.de_architectura.part.5.txt,5913,240,24.6375,0.5583333333333333,6.120192307692308,9,0,2,558,26,165,2,67,31,0,9,0,0,22,597,1,0,1,1,17,58,21,20
305,Vitruvius,De Architectura,technical treatise,vitruvius.de_architectura.part.6.txt,5038,219,23.004566210045663,0.4383561643835616,6.375,18,1,1,519,31,157,1,46,24,1,6,0,0,22,452,0,0,1,0,9,39,19,21
306,Vitruvius,De Architectura,technical treatise,vitruvius.de_architectura.part.7.txt,5661,243,23.28395061728395,0.4609053497942387,6.15,21,1,0,584,49,168,2,62,26,3,8,0,0,50,448,0,2,0,1,39,70,6,34
307,Vitruvius,De Architectura,technical treatise,vitruvius.de_architectura.part.8.txt,5783,231,25.03463203463204,0.5584415584415584,6.415841584158416,22,3,0,675,34,196,0,52,19,0,9,0,0,33,538,0,0,1,0,28,82,24,17
308,Vitruvius,De Architectura,technical treatise,vitruvius.de_architectura.part.9.txt,6081,273,22.26007326007326,0.4725274725274725,6.066666666666666,30,1,1,541,48,225,2,57,20,1,8,0,1,34,625,0,2,0,2,27,27,10,17
309,Vitruvius,De Architectura,technical treatise,vitruvius.de_architectura.part.10.txt,8360,388,21.53608247422681,0.5051546391752577,5.904929577464789,23,2,0,702,48,285,1,73,44,0,17,1,0,37,824,0,5,0,0,31,46,11,37
310,Apuleius,Metamorphoses,miscellaneous,apuleius.metamorphoses.part.1.txt,4132,172,23.261627906976745,0.3662790697674418,6.021978021978022,10,0,4,419,6,160,11,8,13,39,21,26,1,151,180,1,6,2,0,11,12,12,33
311,Apuleius,Metamorphoses,miscellaneous,apuleius.metamorphoses.part.2.txt,4931,180,26.73333333333333,0.3666666666666666,6.766666666666667,14,1,3,505,12,184,12,14,10,21,29,23,2,133,225,1,18,5,0,6,10,15,30
312,Apuleius,Metamorphoses,miscellaneous,apuleius.metamorphoses.part.3.txt,4158,121,34.01652892561984,0.5702479338842975,6.586538461538462,6,0,5,404,10,117,6,14,10,7,28,24,1,143,172,2,18,1,0,11,9,22,20
313,Apuleius,Metamorphoses,miscellaneous,apuleius.metamorphoses.part.4.txt,5165,143,35.89510489510489,0.4405594405594406,7.528735632183908,8,0,6,515,6,120,6,25,11,19,29,17,1,128,194,0,19,1,0,34,9,27,22
314,Apuleius,Metamorphoses,miscellaneous,apuleius.metamorphoses.part.5.txt,4652,168,27.386904761904763,0.3809523809523809,6.585365853658536,12,0,9,505,9,167,7,14,4,21,32,25,1,155,134,1,7,0,0,33,27,18,28
315,Apuleius,Metamorphoses,miscellaneous,apuleius.metamorphoses.part.6.txt,4581,166,27.21686746987952,0.3915662650602409,6.530864197530864,11,1,8,536,8,121,9,17,8,33,27,33,1,128,163,0,7,2,0,23,15,15,14
316,Apuleius,Metamorphoses,miscellaneous,apuleius.metamorphoses.part.7.txt,4140,137,29.970802919708028,0.3941605839416058,6.666666666666667,10,0,10,482,8,120,4,22,13,16,30,18,0,137,137,0,16,4,0,18,16,32,21
317,Apuleius,Metamorphoses,miscellaneous,apuleius.metamorphoses.part.8.txt,4874,172,28.1453488372093,0.377906976744186,6.967391304347826,19,0,3,492,5,136,6,16,8,14,22,14,0,114,188,1,24,4,0,33,9,28,17
318,Apuleius,Metamorphoses,miscellaneous,apuleius.metamorphoses.part.9.txt,6584,212,30.83018867924528,0.410377358490566,6.8,13,0,9,686,6,227,10,19,12,16,39,21,1,153,268,0,31,3,0,48,17,40,45
319,Apuleius,Metamorphoses,miscellaneous,apuleius.metamorphoses.part.10.txt,5796,163,35.41104294478528,0.5398773006134969,6.457142857142857,16,1,9,568,8,162,4,28,20,7,35,23,0,121,206,2,17,1,0,40,19,54,31
320,Apuleius,Metamorphoses,miscellaneous,apuleius.metamorphoses.part.11.txt,4946,148,33.317567567567565,0.5135135135135135,7.175,12,0,2,457,6,92,4,29,11,7,35,19,0,119,168,0,9,2,0,10,12,22,13
321,Gellius,Noctes Atticae,miscellaneous,gellius.attic_nights.part.1.txt,9802,370,26.47297297297297,0.5378378378378378,6.3573667711598745,43,1,35,1081,28,423,6,121,42,22,50,22,0,103,614,2,17,3,0,35,62,49,62
322,Gellius,Noctes Atticae,miscellaneous,gellius.attic_nights.part.2.txt,9387,402,23.33084577114428,0.5472636815920398,6.182662538699691,70,0,36,996,22,363,6,82,46,19,26,23,0,106,603,0,43,7,0,33,42,22,63
323,Gellius,Noctes Atticae,miscellaneous,gellius.attic_nights.part.3.txt,6018,235,25.595744680851062,0.5404255319148936,5.755102040816326,34,0,21,579,22,282,3,48,34,10,21,12,0,52,431,0,12,6,0,17,37,20,28
324,Gellius,Noctes Atticae,miscellaneous,gellius.attic_nights.part.4.txt,5461,247,22.09311740890688,0.5546558704453441,6.23469387755102,24,0,9,538,14,251,0,49,30,12,14,12,5,53,379,0,24,2,0,13,35,13,41
325,Gellius,Noctes Atticae,miscellaneous,gellius.attic_nights.part.5.txt,5684,246,23.077235772357724,0.5040650406504065,5.936507936507937,20,0,12,589,16,255,1,68,25,4,18,12,1,87,389,1,23,1,0,32,34,20,28
326,Gellius,Noctes Atticae,miscellaneous,gellius.attic_nights.part.6.txt,7047,283,24.879858657243812,0.519434628975265,6.094170403587444,26,0,31,725,24,320,3,66,38,22,21,18,2,99,463,2,18,8,2,36,48,14,53
327,Gellius,Noctes Atticae,miscellaneous,gellius.attic_nights.part.7.txt,4206,175,24.02857142857143,0.4857142857142857,6.068702290076335,15,0,9,462,19,177,5,43,23,17,24,12,0,53,280,0,14,0,0,29,31,22,33
328,Gellius,Noctes Atticae,miscellaneous,gellius.attic_nights.part.8.txt,381,18,21.166666666666668,0.6111111111111112,6.875,1,0,0,36,1,7,0,2,4,0,1,1,0,6,33,0,5,0,0,1,0,4,1
329,Gellius,Noctes Atticae,miscellaneous,gellius.attic_nights.part.9.txt,4936,206,23.941747572815533,0.529126213592233,5.587912087912088,21,0,17,523,14,206,2,52,29,6,20,14,0,51,315,0,16,3,0,23,22,19,31
330,Gellius,Noctes Atticae,miscellaneous,gellius.attic_nights.part.10.txt,7099,311,22.82636655948553,0.5016077170418006,5.637931034482759,28,0,24,683,22,287,2,36,34,20,24,21,4,70,454,0,27,1,0,21,52,35,34
331,Gellius,Noctes Atticae,miscellaneous,gellius.attic_nights.part.11.txt,4556,181,25.171270718232044,0.6243093922651933,6.197674418604652,20,0,14,530,20,194,3,41,29,5,21,11,0,86,287,1,9,7,0,26,45,17,32
332,Gellius,Noctes Atticae,miscellaneous,gellius.attic_nights.part.12.txt,5402,196,27.54591836734694,0.6275510204081632,5.685,18,0,17,641,13,225,3,98,22,19,35,18,0,88,414,2,28,2,0,30,38,16,38
333,Gellius,Noctes Atticae,miscellaneous,gellius.attic_nights.part.13.txt,8888,373,23.801608579088477,0.546916890080429,5.920265780730897,39,0,40,935,36,392,1,94,65,22,27,16,1,128,593,1,34,5,0,30,50,26,62
334,Gellius,Noctes Atticae,miscellaneous,gellius.attic_nights.part.14.txt,4807,129,37.24031007751938,0.6744186046511628,6.111111111111111,28,1,23,630,15,228,2,72,44,16,22,27,1,47,333,2,26,1,0,14,53,14,42
335,Gellius,Noctes Atticae,miscellaneous,gellius.attic_nights.part.15.txt,5597,232,24.120689655172413,0.5474137931034483,6.231638418079096,14,0,8,523,31,244,0,52,36,3,11,17,0,92,406,1,18,1,0,28,35,34,42
336,Gellius,Noctes Atticae,miscellaneous,gellius.attic_nights.part.16.txt,5289,207,25.52657004830918,0.5458937198067633,5.868020304568528,23,0,12,598,14,244,2,43,18,9,20,16,0,63,361,3,26,2,0,27,43,14,35
337,Gellius,Noctes Atticae,miscellaneous,gellius.attic_nights.part.17.txt,7845,300,26.13,0.5333333333333333,5.606177606177607,19,0,27,810,27,350,3,75,42,14,38,29,0,80,532,1,24,13,0,35,40,31,52
338,Gellius,Noctes Atticae,miscellaneous,gellius.attic_nights.part.18.txt,4544,175,25.93142857142857,0.5828571428571429,6.3375,17,0,14,499,23,193,0,52,24,15,22,21,0,83,284,0,15,0,0,26,32,23,26
339,Gellius,Noctes Atticae,miscellaneous,gellius.attic_nights.part.19.txt,4884,186,26.258064516129032,0.4946236559139785,6.588235294117647,15,0,23,558,19,201,4,39,18,20,10,15,3,88,267,1,19,5,0,16,22,24,29
340,Gellius,Noctes Atticae,miscellaneous,gellius.attic_nights.part.20.txt,3965,188,21.09042553191489,0.4946808510638298,6.347107438016529,18,0,18,394,7,157,1,58,21,23,16,21,0,109,254,0,14,3,0,10,45,15,20
341,Macrobius,Saturnalia,miscellaneous,macrobius.saturnalia.part.1.txt,26250,967,27.136504653567734,0.594622543950362,6.860178970917226,87,6,29,2235,98,871,17,314,176,55,91,19,0,304,1704,2,46,2,1,97,131,67,288
342,Macrobius,Saturnalia,miscellaneous,macrobius.saturnalia.part.2.txt,5314,281,18.91103202846975,0.4128113879003559,6.039473684210527,15,1,4,438,34,208,3,48,28,34,13,5,0,132,323,0,16,0,0,43,36,16,49
343,Macrobius,Saturnalia,miscellaneous,macrobius.saturnalia.part.3.txt,10441,452,23.042035398230087,0.577433628318584,6.465994962216625,37,0,1,862,45,386,5,79,63,29,44,6,3,123,681,2,12,2,1,36,51,36,111
344,Macrobius,Saturnalia,miscellaneous,macrobius.saturnalia.part.4.txt,3180,188,16.48404255319149,0.3617021276595745,5.011764705882353,14,0,2,353,17,111,3,18,16,20,11,1,5,62,232,1,3,1,0,19,17,3,36
345,Macrobius,Saturnalia,miscellaneous,macrobius.saturnalia.part.5.txt,17506,790,21.820253164556963,0.3025316455696202,6.906832298136646,25,2,10,1223,28,390,2,93,40,41,67,15,14,122,810,2,12,3,0,49,57,49,98
346,Macrobius,Saturnalia,miscellaneous,macrobius.saturnalia.part.6.txt,7837,387,19.97157622739018,0.3359173126614987,6.423076923076923,24,0,11,778,15,203,5,56,24,19,28,7,9,105,543,2,14,6,0,25,32,14,56
347,Macrobius,Saturnalia,miscellaneous,macrobius.saturnalia.part.7.txt,16532,711,23.234880450070325,0.5893108298171589,6.1375,59,3,10,1748,80,518,19,191,57,90,77,17,0,261,1046,0,22,7,0,108,206,30,203
348,Petronius,Satyricon,miscellaneous,petronius.satyricon.txt,30520,2013,15.14307004470939,0.2776949826130154,4.887303851640514,69,3,6,3078,69,731,50,80,174,252,91,24,16,955,1540,0,26,1,0,130,246,139,269
349,Pliny the Elder,Naturalis Historia (books 1-5),miscellaneous,pliny_the_elder.naturalis_historia.part.1.books_1-5.txt,56689,4523,12.533274375414548,0.2465177979217333,6.65282505105514,225,5,33,3904,60,1570,9,171,250,0,179,5,0,179,4852,2,78,10,2,134,434,140,232
350,Pliny the Elder,Naturalis Historia (books 6-10),miscellaneous,pliny_the_elder.naturalis_historia.part.2.books_6-10.txt,59821,3308,18.083434099153568,0.3485489721886336,5.408997955010225,361,8,43,4604,110,1759,22,255,373,0,195,12,1,348,4703,10,190,22,2,281,265,212,442
351,Pliny the Elder,Naturalis Historia (books 11-15),miscellaneous,pliny_the_elder.naturalis_historia.part.3.books_11-15.txt,43627,2801,15.575508746876116,0.332381292395573,5.192100538599641,389,5,68,4180,91,1373,17,214,222,1,161,6,0,168,3260,11,193,27,0,132,189,222,366
352,Pliny the Elder,Naturalis Historia (books 16-20),miscellaneous,pliny_the_elder.naturalis_historia.part.4.books_16-20.txt,69464,4538,15.307183781401498,0.2767739092111062,4.941721854304636,434,19,81,7316,166,1808,33,497,486,1,265,7,1,251,5045,32,249,31,4,174,590,400,572
353,Pliny the Elder,Naturalis Historia (books 21-25),miscellaneous,pliny_the_elder.naturalis_historia.part.5.books_21-25.txt,46982,3385,13.879172821270313,0.2460856720827178,4.732283464566929,297,4,32,4762,65,1348,13,327,281,0,150,8,0,187,3391,9,115,17,0,125,302,249,234
354,Pliny the Elder,Naturalis Historia (books 26-30),miscellaneous,pliny_the_elder.naturalis_historia.part.6.books_26-30.txt,48119,2651,18.15126367408525,0.2591474915126367,5.0773809523809526,251,3,24,4471,70,1188,18,245,326,0,140,18,0,197,3481,17,117,25,0,151,415,189,276
355,Pliny the Elder,Naturalis Historia (books 31-37),miscellaneous,pliny_the_elder.naturalis_historia.part.7.books_31-37.txt,68373,3975,17.19748427672956,0.350440251572327,5.198785201546107,375,7,60,6321,124,2155,22,409,461,0,259,16,2,282,5282,13,178,23,1,230,322,292,519
